"id","pca1","pca2","k_means"
"1",-1.25781748375608,-0.39549504423959,1
"2",-0.907920148590733,-0.571095881283231,1
"3",-1.18620209139613,-0.509431034517256,1
"4",-1.66692003024608,-0.141544640995196,2
"5",-1.62986182672002,-0.680688467023997,1
"6",-1.41587215074986,-0.321408724038456,2
"7",-0.727506368810898,-0.901931694527223,1
"8",-1.16923394453407,-0.578743062447804,1
"9",-1.26813839800641,-0.663278281849909,1
"10",-1.59625137819221,-0.17424648649982,2
"11",-0.797226091421477,-0.636516121906842,1
"12",-1.02909698108323,-0.683549127904786,1
"13",-0.990631603259481,-0.55004191984541,1
"14",-1.3961811044723,-0.499171801476478,2
"15",-1.31639172003856,-0.643582517320553,1
"16",-0.719537687315071,-0.486206175233205,1
"17",-0.985106987968899,-0.561909930524108,1
"18",-1.71353413490554,0.121250125081713,2
"19",-1.42630647158919,-0.750572069452773,1
"20",-1.19688530619843,-0.299820288864138,2
"21",-1.254275174763,-0.723410968622457,1
"22",-1.31742945810852,-0.125647610554901,2
"23",-1.14510937672074,-0.890352059211834,1
"24",-1.28161534367936,-0.0797210339820522,2
"25",-1.22246265684181,-0.141344585550944,2
"26",-0.933462392691134,-0.459985952821655,1
"27",-1.22957699920218,-0.716333967821859,1
"28",-0.705860731246457,-0.419607359757117,1
"29",-0.961358384083813,-0.632979190515963,1
"30",-1.14786502306121,-0.234740205122991,2
"31",-1.03700334652809,-0.512981648631173,1
"32",-0.745669628512464,-0.414286526669178,1
"33",-1.30371442036149,-0.633846434532365,1
"34",-0.919649079115677,-0.540868437031244,1
"35",-1.11449089873952,-0.638124638148844,1
"36",-1.83273369012708,0.207015496470579,2
"37",-0.867582875486413,-0.576398013410753,1
"38",-1.09187519298365,-0.650302681470874,1
"39",-1.27856704233949,-0.872578667991128,1
"40",-0.964558641541145,-0.539499266147324,1
"41",-1.48169673064006,-0.39048374439529,2
"42",-1.03632588410475,-0.754890683795874,1
"43",-1.35406662081986,-0.623807509325859,1
"44",-1.08797191616179,-0.905417972595991,1
"45",-1.04122638771539,-0.77380508416451,1
"46",-1.25963073256499,-0.148534648511662,1
"47",-1.29098100440419,-0.637747799729774,1
"48",-1.22273554515706,-0.595466466965892,1
"49",-1.4547861111215,-0.502726719087432,1
"50",-1.30597945998249,-0.769257283919003,1
"51",-1.23914015256324,-0.628955825672004,1
"52",-1.11869585174832,-0.839918777750399,1
"53",-0.968102773411851,-0.465558544595227,1
"54",-1.72195028401554,-0.747148754518982,2
"55",-1.203747793593,-0.444194949254345,1
"56",-0.803561663372562,-0.622789853749918,1
"57",-0.757940773546509,-0.593683941127873,1
"58",-0.992467722631425,-0.39127734442657,1
"59",-1.75678216354819,-0.539811828443128,2
"60",-1.53726966920158,-0.389063728389014,2
"61",-1.61188937818074,-0.490625468267672,2
"62",-1.21600485538546,-0.475032731614327,1
"63",-1.17076537797699,-0.56766108218104,1
"64",-1.46333101656309,-0.0986053785277122,2
"65",-1.35609191889998,-0.413290472909067,2
"66",-1.29303160473393,-0.851372774187769,1
"67",-0.836429428958533,-0.398717655208696,1
"68",-1.47787534738897,-0.424171770041964,1
"69",-0.965601327099276,-0.573161083143494,1
"70",-1.67534244134674,-0.150281668293284,2
"71",-1.77456076532273,-0.0474928993121041,2
"72",-0.697817927712217,0.0617995601415188,1
"73",-0.839377145606868,-0.662422541361675,1
"74",-1.13587710887012,0.0390979494127742,2
"75",-1.32223212574605,-0.386164613399856,2
"76",-0.951013863560757,-0.500236101714337,1
"77",-1.37277800379565,-0.753373869092473,1
"78",-0.440943374052204,-0.384278379751442,1
"79",-0.981476682894172,-0.377472446201891,1
"80",-1.26090496177502,-0.666101180935975,1
"81",-1.36539927841286,-0.545611822734223,1
"82",-1.24327014332896,-0.398075711488943,1
"83",-1.07031688769617,-0.608199983396849,1
"84",-1.02118904410918,-0.5720713339916,1
"85",-1.2061125247765,-1.03958041258948,1
"86",-1.51738004979072,-0.675264757720818,1
"87",-1.15933439078393,-0.474111345850163,1
"88",-0.924363101707914,-0.351274591889834,1
"89",-0.858298896839364,-0.355511066104546,1
"90",-1.023577255313,-0.392042265266457,1
"91",-1.03929278217966,-0.487545416662032,1
"92",-1.21601502409656,-0.503674409013123,1
"93",-0.823738608061671,-0.825741837278067,1
"94",-1.21242961126544,-0.91729458201944,1
"95",-1.72131852418444,-0.324201750323418,2
"96",-1.55885954688655,0.0410468119569957,2
"97",-0.859325695031205,-0.326947084652644,1
"98",-1.11763065280232,-0.118547493907274,2
"99",-1.52918111418998,-0.853447136598878,1
"100",-0.997157139283755,-0.172751170799575,1
"101",-0.942626668226539,-0.749183190852913,1
"102",-1.12895848519902,-0.0792206034443518,2
"103",-1.24955996707325,-0.291062850522953,2
"104",-0.331389903355006,-0.430870592348345,1
"105",-0.998666719163586,-0.545191906205977,1
"106",-1.40505105565694,-0.448708481065197,1
"107",-0.712490934560861,-0.114711465013767,1
"108",-0.686628428163552,-0.310330010726015,1
"109",-1.23683265276297,-0.685667935473774,1
"110",-1.26259365252748,-0.323725928727632,2
"111",-0.815286950234128,-0.827618914179297,1
"112",-0.723672511964089,-0.294200400094088,1
"113",-1.25957193773339,-0.640083559428367,1
"114",-0.921244039863066,-0.709819378392255,1
"115",-0.844978626168808,-0.804744704272391,1
"116",-1.53467465737318,-0.166754100136365,2
"117",-1.45906505712289,-0.719919104272522,1
"118",-0.691169534476306,-0.690724671140254,1
"119",-0.839319138596567,-0.446523112449506,1
"120",-1.38547509805804,-0.903793741306076,1
"121",-0.922385267845668,-0.524521763915812,1
"122",-1.23863571141921,-0.457062464415987,1
"123",-1.16073142866335,-0.620993905041653,1
"124",-1.38766444048483,0.00891643031687245,2
"125",-1.95763560291711,-0.0748311493575061,2
"126",-1.53346326410174,0.00888555679432224,2
"127",-1.0809846829259,-0.00928778312013345,2
"128",-0.900755716983457,-0.212867151023676,1
"129",-1.14965473763607,-0.511894457582196,1
"130",-1.02726188920058,-0.623086220062348,1
"131",-1.25943503402928,-0.570796119229813,1
"132",-0.854800289648299,0.049242021567438,2
"133",-1.6206214026095,-0.651689803628927,2
"134",-1.26580094401778,-0.244572504885799,2
"135",-0.825976319343912,-0.291037879508446,1
"136",-0.903173816602897,-0.667871654931698,1
"137",-0.910330875652737,-0.565637083723201,1
"138",-0.814817098301523,-0.757218108078256,1
"139",-1.71590584936047,-0.885604044866895,1
"140",-1.18475764374146,-0.581196826015725,1
"141",-1.23488770532008,-0.526252966870622,1
"142",-1.02714819260093,-0.993800357250559,1
"143",-1.57458709920483,-0.870064851419838,1
"144",-1.20148627299078,-0.818777169640801,1
"145",-0.833834969284758,-0.281120779999468,1
"146",-0.915617255441729,-0.416961553593769,1
"147",-0.972276777921745,-0.615644901512901,1
"148",-1.25708263036628,-0.713334148189713,1
"149",-0.956757523585383,-0.356736003607593,1
"150",-0.874466374458268,-0.447073094142933,1
"151",-0.830084819100105,-0.334851146018408,1
"152",-0.949050373406732,-0.283543212005969,1
"153",-1.34611813246855,-0.585003030576806,1
"154",-1.33946741802703,-0.248003397588678,2
"155",-1.12743982054723,-0.617492561332703,1
"156",-1.18710677193175,-0.522212530775931,1
"157",-1.21684872860802,-0.258004820913231,1
"158",-1.33804748922943,-0.996429209259875,1
"159",-1.26162507196492,-0.81073031673583,1
"160",-1.04090976537471,-0.273037701866398,1
"161",-0.688545557944983,-0.517771662187963,1
"162",-1.23035226943834,-0.554815885679557,1
"163",-1.23621444870597,-0.643191227878764,1
"164",-1.08951118274126,-0.517198268054311,1
"165",-1.80422606966545,0.0629412612959309,2
"166",-1.2059859136237,-1.14089105563603,1
"167",-1.35098934970207,-0.275966603988047,1
"168",-1.12541470385538,-0.39743176744575,1
"169",-0.973949330615734,-0.785333017972238,1
"170",-0.97340365198461,-0.246310624413181,1
"171",-0.974343344352523,-0.919415414571581,1
"172",-0.594630438725201,-0.48782118967601,1
"173",-1.3465254875736,-0.809097209257789,1
"174",-1.08484835680444,-0.37195650825602,1
"175",-0.752160150079696,-0.522239855406874,1
"176",-1.22606585681361,-0.827737497082053,1
"177",-0.716577614187314,-0.412831818205795,1
"178",-1.17533276622677,-0.5757507373441,1
"179",-1.51241129483366,-0.332729539462728,2
"180",-1.09540219574801,-0.56740090402413,1
"181",-1.27682711949279,-0.336342781411874,2
"182",-1.01179241630703,-0.371697314269919,1
"183",-0.789504681392129,-0.38684577855565,1
"184",-0.873659639984961,-0.694718287959838,1
"185",-1.00629997997663,-0.350505987620265,1
"186",-1.25951332815751,-0.661899954783519,1
"187",-1.3250918684402,-0.847940315532384,1
"188",-1.55657773039831,-0.680313679668117,2
"189",-1.03780562934403,-0.236144041886313,1
"190",-1.03261186600624,-0.812779617296611,1
"191",-1.16625969167416,-0.619541211363891,1
"192",-0.986303447675887,-0.840967718933423,1
"193",-1.08578143157607,-0.207175721752777,1
"194",-1.62179935780227,-0.0275404875526503,2
"195",-1.35689148589456,-0.498808295769069,1
"196",-0.811736616419517,-0.173287068890526,1
"197",-1.23072960500708,0.195912787976376,2
"198",-0.867211554712534,-0.94222886441367,1
"199",-0.905700921823838,-0.695927590449734,1
"200",-1.24702200076474,-0.239403387065306,1
"201",-0.836992267059773,-0.725004922654599,1
"202",-1.2410749446165,-0.702573337078226,1
"203",-0.902226335626561,-0.799474417821364,1
"204",-1.3407572238719,-0.663965840063052,1
"205",-0.93231148850619,-0.4802675514848,1
"206",-1.08269317386771,-0.180597311397869,1
"207",-1.19042537491749,-0.736060782291692,1
"208",-0.688771384747476,-0.547747032366409,1
"209",-1.07291012155607,-1.03594162363626,1
"210",-1.46295563184228,-0.353479731949948,2
"211",-1.30868777676676,-0.628757769125598,1
"212",-0.6405507927212,-0.293028745086256,1
"213",-0.801713131600024,-0.733041866949312,1
"214",-1.33215210992896,-0.238418100519155,2
"215",-0.900011877198272,-0.267251635484849,1
"216",-1.74317657450777,-0.178533711714372,2
"217",-0.725374874765326,-0.629859030306453,1
"218",-1.17659821793458,-0.54804286456972,1
"219",-1.34654019510397,-0.770277110415437,1
"220",-1.06959978158435,-0.884301706459179,1
"221",-1.12281457931523,-0.527783325493438,1
"222",-0.919677158370146,-0.141420793795612,1
"223",-1.15920719483293,-0.510674669257089,1
"224",-1.68495770280545,-0.0610548911020131,2
"225",-1.46053889466075,-0.383210512905309,2
"226",-1.40773267100906,-0.142176743104018,2
"227",-1.40518863674433,-0.646788812216078,1
"228",-0.854639011147671,-0.428859954601983,1
"229",-0.883131600429386,-0.590336534428965,1
"230",-1.05731202980778,-0.169193611897468,1
"231",-1.14580978312292,-0.662042868549144,1
"232",-0.742536717107098,-0.587398672367678,1
"233",-0.641397293460051,-0.523785333488962,1
"234",-0.910254364630488,-0.170340209696634,1
"235",-0.905504166477945,-0.466271079987818,1
"236",-0.981440552305616,-0.552419113852977,1
"237",-1.03093276961419,-0.446191556766962,1
"238",-1.09057196074048,-0.558062260323932,1
"239",-0.89704399003272,-0.590544875179835,1
"240",-1.06914764390584,-0.770497350769793,1
"241",-0.779286974720447,-0.675415713436476,1
"242",-1.5177016163726,-0.317482981474809,2
"243",-1.33583301612724,-0.57295792620331,1
"244",-1.25339527395383,-0.441663829604386,1
"245",-1.04739871786895,-0.792280636882321,1
"246",-0.764449232792142,-0.477360070972138,1
"247",-0.751218213624692,-0.740608229285526,1
"248",-0.931179834930499,-0.669455680357413,1
"249",-1.27876674346361,-0.36330988890072,2
"250",-1.10932202968615,-0.541512019241662,1
"251",-0.506679612167782,-0.616152322735626,1
"252",-1.03262802167876,-0.196319457181446,2
"253",-1.19789528124709,-0.990110809641763,1
"254",-0.922982964644688,-0.436853188451111,1
"255",-0.745605570426024,0.0608972757041789,1
"256",-1.24318188254853,-0.668000216136986,1
"257",-1.07596353872867,-0.497725643076449,1
"258",-0.831854725656246,-0.968487399337423,1
"259",-1.04248315279937,-0.444300248397885,1
"260",-1.01713035150268,-0.613141544111992,1
"261",-0.690331405356004,-0.389078863964619,1
"262",-0.540813099895629,-0.273951537864521,1
"263",-0.665458235524201,-0.762403354162617,1
"264",-0.854413634278815,-0.864770771743086,1
"265",-1.10307779026213,-0.237463380456351,1
"266",-1.67029283906262,-0.467620202390725,2
"267",-0.864147053613349,-0.467899724020876,1
"268",-1.24555867667909,-0.514102331950563,1
"269",-1.19738558572115,-0.391161670197698,1
"270",-1.0653339315982,-0.66116337176235,1
"271",-1.25415055782134,-0.000441459893827462,2
"272",-1.30153925608953,-0.330662025499163,1
"273",-1.38497955790039,-0.538983319457148,1
"274",-0.548131751249972,-0.546665763227016,1
"275",-1.0350385531986,-0.966676468721754,1
"276",-0.683666628680152,-0.635279464021847,1
"277",-1.2432721884023,-0.862494538421349,1
"278",-0.791702809433477,-0.510966096689031,1
"279",-0.964995102524835,-0.62758516182739,1
"280",-1.03592150369315,-0.886860890824843,1
"281",-1.29061491649489,-0.370054364031495,2
"282",-1.03228623271039,-0.447340515580143,1
"283",-1.52005635431167,-0.868895340459907,1
"284",-1.65744213055446,-0.223259927107054,2
"285",-1.14760681850585,-0.559760579140433,1
"286",-1.15596744016533,-0.373570458439984,1
"287",-0.926022169854807,-0.646332672742184,1
"288",-1.54177323908778,-0.182720410134002,2
"289",-1.5691773438686,-0.740808223088473,1
"290",-1.85198796669068,0.0704840060432331,2
"291",-1.27846957264392,-0.819079006357803,1
"292",-1.13876968387266,-0.17096651974917,1
"293",-1.2883448695227,-0.789204085922145,1
"294",-1.29712867571218,-0.179138485177834,2
"295",-1.11551671323857,-0.52920149458665,1
"296",-1.7288961826673,-0.739655213268148,2
"297",-1.26333171798215,-0.417532409668591,2
"298",-1.21824337162209,-0.24133407207463,2
"299",-1.44939311001489,-0.359300978203091,1
"300",-1.51205242653326,-0.334825787880889,2
"301",-1.1930268958819,-0.282417736124152,2
"302",-0.869624516972996,-0.529136848487723,1
"303",-1.2602216685979,-0.509786917368178,1
"304",-1.28881659345014,-0.543057917869051,1
"305",-1.00297204758511,-0.716571202325469,1
"306",-1.3059906314376,-0.872329687628046,1
"307",-1.27923678153701,-0.613453053002317,1
"308",-1.21377021853786,-0.311527340576971,1
"309",-1.35990261861518,-0.770130601682638,1
"310",-1.47519155377994,-0.901789233867565,1
"311",-0.925556294095707,-0.113953620718294,1
"312",-0.939256898631963,-0.86689338871297,1
"313",-1.21441966719948,-0.352559456468039,1
"314",-1.82209099995159,0.0574700520677386,2
"315",-1.298723413098,-0.431825122390585,1
"316",-1.22593493762253,-0.286254416638147,1
"317",-1.29270966457618,-1.16080145000135,1
"318",-1.42146581840405,-0.966333728290904,1
"319",-1.34890026043779,-0.894628422293405,1
"320",-1.06097430014484,-0.545461546904884,1
"321",-1.39845296737602,-0.710487289868755,1
"322",-1.31975531789015,-0.207458078509059,2
"323",-1.77523834493736,-0.0510734941309349,2
"324",-1.54746119657393,-0.307959929884008,2
"325",-1.80478510961145,-0.610129944095802,2
"326",-1.54186562068426,0.171402200830274,2
"327",-1.26441278745478,-0.406042952816082,1
"328",-1.4666503157546,0.0387161582792709,2
"329",-1.1941184526233,-0.722067026365219,1
"330",-0.886093849916115,-0.410870255464554,1
"331",-1.56301202067685,-0.499438787761804,2
"332",-1.251205602049,-0.651761497045519,1
"333",-1.81311963975422,0.0297281117786291,2
"334",-1.25462166740332,-0.672365969473353,1
"335",-1.4204983346302,-0.634034486118333,1
"336",-1.12137291884142,-0.594760981840259,1
"337",-1.12550245053356,-0.499754085062997,1
"338",-1.65938806157298,-0.316604974130664,2
"339",-1.21051731363733,-0.526822092528798,1
"340",-1.42818281239736,-0.4602463448792,1
"341",-1.39016309494836,-0.289162202108347,2
"342",-1.56014692359138,-0.103953230478534,2
"343",-0.830829996896708,-0.591804909314168,1
"344",-0.943113683540844,-0.209684918407767,1
"345",-1.37049414802906,-0.22779661744938,2
"346",-1.04178634536304,-0.612758028646896,1
"347",-1.28679935542354,-0.970907276480694,1
"348",-1.18409396937928,-0.824872186075415,1
"349",-1.47902996791842,-0.59946777704159,1
"350",-1.33297291710557,-0.13489703926124,2
"351",-1.48314396090783,-0.562874766955553,2
"352",-1.6966240581487,-0.888291567594341,1
"353",-1.34156162769765,-0.597304505303689,1
"354",-1.11901177826591,-0.140770599233309,2
"355",-1.42452070238624,-0.298173305193483,2
"356",-1.6118701831573,-0.0899783122196111,2
"357",-1.47091506227991,-0.463856282984881,1
"358",-1.88555284278937,-0.0314888758236644,2
"359",-1.54874373899393,-0.278923713810281,2
"360",-0.766715595660053,-0.268116093621141,1
"361",-1.41744719143797,-0.508839733749644,2
"362",-1.9409087757491,-0.019312229190663,2
"363",-0.892775222887816,-0.0457769426617054,1
"364",-1.44812854065728,-0.612478837294607,1
"365",-0.986965248340268,-0.679168547451633,1
"366",-1.93906673940661,-0.563770401553546,2
"367",-1.91509352893919,-0.486825214634558,2
"368",-1.61134753153198,-0.621774622440871,2
"369",-1.5398556970523,-0.805278883124719,1
"370",-1.38597666043305,-0.682439376604152,2
"371",-1.59897290115153,0.221905312386294,2
"372",-1.33589413770818,-0.547273468187121,2
"373",-1.16843054960117,-0.393364273182656,1
"374",-1.75436033996197,0.116542303593936,2
"375",-1.50945797590667,-0.938222493574053,1
"376",-1.05644708777022,-0.807998317848805,1
"377",-1.26233510369,-0.533667739829838,1
"378",-1.50385884289448,-0.237293204534582,2
"379",-1.91614765760894,-0.156208242626495,2
"380",-1.63436752567719,-0.649731703421586,2
"381",-1.51504617319936,-0.474477501660812,2
"382",-1.16281100077367,0.145934571597892,2
"383",-1.33222134557418,-0.81782779946008,1
"384",-1.64931430178637,-0.0229161491202018,2
"385",-1.15967968555642,-0.764913846262346,1
"386",-1.27549168192668,-0.67767282557664,1
"387",-1.45143908208615,-0.630351188988197,1
"388",-1.18269708017372,-0.332319419538259,1
"389",-1.01996359135488,-0.689358377598868,1
"390",-0.65476097811797,0.0134991142982831,1
"391",-1.48175623271104,-0.366214224006582,1
"392",-1.41347344235051,-0.72617081556925,1
"393",-1.21788286431609,-0.873199331507216,1
"394",-1.23749801286046,-0.955156593011839,1
"395",-1.44999300259441,-0.696718880277711,1
"396",-1.39669638877607,-0.111758424901511,2
"397",-1.74822485728245,-0.795384719021225,1
"398",-1.58287945001296,0.0340122506503592,2
"399",-1.7485195009152,-0.116415682752937,2
"400",-1.66113131871194,-0.56638274761786,2
"401",-1.85995505190653,-0.538259273490813,2
"402",-1.19505976972297,-0.544197888830671,1
"403",-1.28439072039659,-0.232301084147875,2
"404",-1.21852732525302,-0.0803848496882588,2
"405",-1.13818349716213,-0.166334063416855,2
"406",-1.50071622310001,-0.761287815134958,1
"407",-1.48435820479058,-0.75504337559825,1
"408",-1.31915964621165,-0.685837654953574,1
"409",-1.08514954011709,-0.431910514581993,1
"410",-1.40453416018972,-0.198580550243342,2
"411",-0.800116651271706,-1.00990448426214,1
"412",-1.19341737873856,-0.820639961433561,1
"413",-1.15773940607622,-0.181104612717305,2
"414",-1.45174774370498,-0.451220483004063,2
"415",-1.09283766543194,-0.355126962930972,1
"416",-0.977132997273065,-0.409156945714391,1
"417",-1.61292531344813,-0.273121360288318,2
"418",-1.3126513861663,-0.282213417192945,2
"419",-1.01879176550719,-0.756779323131271,1
"420",-1.11929773661528,-0.307948529105783,1
"421",-0.788671233389549,-0.160747493676826,1
"422",-1.37912026387887,-0.445856807135411,2
"423",-1.4417622021519,-0.261400115213579,2
"424",-1.34757555657712,-0.508917625957387,1
"425",-1.39793427471965,-0.395801194855508,2
"426",-1.215256621701,-0.570942348877945,1
"427",-1.60136663366023,-0.11203713714213,2
"428",-1.66707739015545,-0.2818476275568,2
"429",-1.14064280560587,-0.600588625114955,1
"430",-1.19521738538348,-0.496724693762756,1
"431",-0.987548408183324,-0.860064808421556,1
"432",-1.51753232315212,-0.557199964657325,2
"433",-1.44996142048425,-0.0601463374761671,2
"434",-1.63712595661778,-0.637504560896172,1
"435",-1.3262805569338,-0.673455341320696,1
"436",-0.743122457235557,-0.199292653398063,1
"437",-1.14702413133653,-0.305551807852405,2
"438",-2.3044341810286,0.621767097217077,2
"439",-0.70088156662264,-0.592145805840879,1
"440",-0.841341985475177,-0.487298897941572,1
"441",-1.3676532399567,-0.238965028178389,2
"442",-1.47203515235152,0.078752784081681,2
"443",-1.53318452601584,-0.395670900039939,2
"444",-1.23717455803456,-0.422957062927323,1
"445",-1.10810741291964,-0.495285173296805,1
"446",-1.07400233063923,-0.660552514870053,1
"447",-1.38333297655579,-0.257978258751072,2
"448",-1.62565288010752,-0.164882878632544,2
"449",-1.37822031679185,-0.368205942368122,2
"450",-1.07753609826645,-0.20302763362396,1
"451",-1.12687063919548,-0.718828539640025,1
"452",-1.01802658856259,-0.300750641374407,1
"453",-1.39645690786971,-0.197504483275804,2
"454",-1.64677285718607,-0.268179332857784,2
"455",-1.5482042350494,-0.0533230738263252,2
"456",-1.19726523583338,-1.07013157631168,1
"457",-1.26253102923863,-0.148105931205013,2
"458",-1.41814863791564,-0.500098265155611,2
"459",-1.62728910965181,-0.911444369746448,1
"460",-1.17812662022067,-0.673320266640888,1
"461",-0.985875363359311,-0.34403956552438,1
"462",-1.73116647461492,-0.0578300496308125,2
"463",-0.731062294109621,-0.389070354244866,1
"464",-1.14382381926332,-0.28805737355346,2
"465",-1.58290915256184,-0.0973321276830911,2
"466",-0.919404181986386,-0.560317850881638,1
"467",-1.72083850114087,-0.198416461497502,2
"468",-1.83114134771922,-0.0287947654845131,2
"469",-1.31712217548086,-0.431122751100386,1
"470",-1.59271877088409,-0.260753492307186,2
"471",-1.39978796845412,-0.0734160036618213,2
"472",-1.0352391160353,-0.224668558894955,1
"473",-0.776175459567908,-0.688392432016025,1
"474",-1.35295970934759,-0.0916335741949957,2
"475",-1.45315145298959,-0.0368143106278141,2
"476",-1.33350903927485,-0.410150956620163,1
"477",-1.50502171000287,-0.237160699574015,2
"478",-0.978096245850854,-0.800566161613922,1
"479",-1.5069453667239,-0.480282106603037,2
"480",-1.29326360756538,-0.484008397315991,1
"481",-1.56583491386446,-0.286800764211374,2
"482",-1.28735041153655,-0.737031817078601,1
"483",-1.15164385594588,-0.334637900690609,1
"484",-2.07822412837045,0.303734071591541,2
"485",-1.54407962051978,-0.473880714998803,2
"486",-1.64918380840133,-0.0781975598478867,2
"487",-1.29464548068223,-0.570587554270056,1
"488",-1.40708424735222,-0.478865505493349,1
"489",-1.01227986955299,-0.398877035099348,1
"490",-1.4252526279884,-0.467597198948316,2
"491",-1.59858515692081,-0.333470511583314,2
"492",-1.32807782225609,-0.366913362961662,1
"493",-1.15604708860978,-0.681962350891899,1
"494",-1.36897418711149,-0.551472910722262,2
"495",-1.11277186164015,-0.266351753839529,1
"496",-1.4619846067282,-0.16068976161757,2
"497",-1.15435589831365,-0.269190753424002,1
"498",-1.69177831992327,-0.195387773699216,2
"499",-1.13445731678854,-0.691494274519908,1
"500",-1.34742898749117,-0.32828833629164,2
"501",-1.289654651201,-0.620177702540965,1
"502",-1.3255989694683,-0.252237090791123,2
"503",-1.3083717803902,-0.0360303381318441,2
"504",-1.68798801785613,0.0543056523098434,2
"505",-1.50844081128523,-0.640561929438977,1
"506",-1.27787238344153,-0.619125978078165,1
"507",-1.19914634705703,-0.46098430064194,1
"508",-1.69263514104373,-0.436242863792238,2
"509",-1.12838601163931,-0.543151289653117,1
"510",-1.1819393126751,-0.0459632954617179,2
"511",-1.57409577096215,0.136363433280013,2
"512",-1.13699779853866,0.0503127738451875,2
"513",-1.31440769306059,-0.0322070289660873,2
"514",-1.37854620522346,-0.279109099498154,1
"515",-1.80550209399689,-0.00108788144569846,2
"516",-1.47329552121741,-0.306563734970821,2
"517",-1.02063449151962,-0.541905333043016,1
"518",-2.17936552699012,0.185712374338697,2
"519",-1.24407371775911,-0.478907392822612,1
"520",-1.10449452117789,-0.453829220372199,1
"521",-1.15694080663691,-0.801935077627104,1
"522",-1.26822094551706,-0.215195213516681,2
"523",-1.29934486154086,-0.723264766390485,1
"524",-1.00176541683903,-0.40331752522286,1
"525",-1.42071145372338,-0.169533250772206,2
"526",-1.16538086992843,-0.477855685276279,1
"527",-1.1807423510158,0.0790828206728815,2
"528",-0.919182021489599,-0.619965974206766,1
"529",-0.948717444465601,0.093723211717584,2
"530",-1.55934537157953,-0.746860524919688,2
"531",-1.15340300341802,-0.464033704228671,1
"532",-1.38814855997641,-0.268074399604988,2
"533",-1.81459470789087,0.204649807463727,2
"534",-0.942394223103343,-0.199263415772302,1
"535",-1.6778940949834,-0.586004160792526,1
"536",-1.21872807523016,0.0385286630154519,2
"537",-1.61272853758953,-0.970077888934984,1
"538",-1.38007710682089,-0.670911487293198,1
"539",-0.736280433124072,-0.40391108325552,1
"540",-1.08382329529153,-0.391250181674829,1
"541",-1.05229166017556,-0.254086841860327,1
"542",-1.60155037672577,-0.352774013306043,2
"543",-1.33694789344584,0.0200985448359815,2
"544",-0.774681888809047,-0.476256859304181,1
"545",-1.54662393796578,-0.0478397029692068,2
"546",-0.960514996882607,-0.850963693158295,1
"547",-1.02549993729267,-0.394452433138293,1
"548",-1.30653218908142,-0.787221698904285,1
"549",-1.21933144918206,-0.552056689988107,1
"550",-1.20169862200939,-0.655512204394551,1
"551",-1.3724124872765,-0.425834322217878,1
"552",-1.55674636129095,-0.753819608633055,1
"553",-1.28016117537021,-0.480725657280419,1
"554",-1.09856454662906,-0.398108248946939,1
"555",-1.75610383913047,-0.0863111238594002,2
"556",-1.85032240817024,-0.328790087107435,2
"557",-0.808038738172283,-0.4658146493269,1
"558",-0.699051424958551,-0.331262674651457,1
"559",-1.45649788614238,-0.455131566518115,1
"560",-1.02313752979322,-0.634474693055116,1
"561",-1.54890419233243,-0.160754547504017,2
"562",-0.722845413724635,-0.401795702781415,1
"563",-0.81787731221364,-0.293237498520307,1
"564",-1.37815646086485,-0.608501490188275,1
"565",-1.29087825183483,-0.507277893477702,1
"566",-1.39703218010746,-0.594662199961245,1
"567",-1.30226911621619,-0.212225203141139,2
"568",-1.65725858344742,-0.340857549587891,2
"569",-1.08137396005878,-0.303172038521168,1
"570",-1.24034040875711,-0.168960728818608,2
"571",-1.39738015438306,-0.190267461263612,2
"572",-1.08631918883344,-0.210842086016288,1
"573",-1.19549555442582,-0.465730034154132,1
"574",-1.06835130698147,-0.420668105578989,1
"575",-0.550150402862559,-0.371466309283436,1
"576",-1.16498983539674,-0.594691693788289,1
"577",-0.919996291137235,-0.49350259118186,1
"578",-1.42350000930304,-1.03430909310952,1
"579",-1.22505036633579,-0.0177393353014045,2
"580",-1.48601910438446,-0.393865035488252,2
"581",-1.26968984796423,-0.710483256191523,1
"582",-1.48522425407848,-0.16295986223336,2
"583",-1.33591808792246,-0.673996569001546,1
"584",-0.901569256750338,-0.0802658097668011,1
"585",-1.77379807715969,0.0145965516647223,2
"586",-1.26984372642537,-0.201647214219616,1
"587",-0.973242207092908,-0.196434275368574,1
"588",-1.84611059453131,-1.0804235247405,1
"589",-1.34437017630923,-0.31096855361196,2
"590",-0.939607814478627,-0.591475901108962,1
"591",-1.38788793302829,-0.253117453451232,1
"592",-1.4185036770309,-0.20292624630391,2
"593",-1.53825477763514,-0.832691808998506,1
"594",-0.789181521301649,-0.649700647523068,1
"595",-1.31367227127265,-0.784436770996567,1
"596",-0.896817595601958,-0.464509658932474,1
"597",-0.972006462597074,-0.859440107348957,1
"598",-1.31884025018598,-0.361937779644057,2
"599",-1.37225506723975,-0.656759562271975,1
"600",-1.34209873731189,-0.403653280209679,1
"601",-1.44317929360859,-0.680312058655813,1
"602",-2.07027018315303,0.0010706926695801,2
"603",-1.58905132909617,-0.87756186255621,1
"604",-1.48748617838211,-0.524803268581797,2
"605",-0.909629617205012,-0.237964334348092,1
"606",-0.797815452453344,-0.547676251046279,1
"607",-0.771557504967101,-0.370951184010422,1
"608",-1.22382473191578,-0.649583925347477,1
"609",-1.72663994119907,-0.257331643735979,2
"610",-0.99208254085545,-0.665379861622422,1
"611",-0.949938496053293,-0.626630372497468,1
"612",-1.30399517912636,-0.725959148560873,1
"613",-1.63214522522266,-0.322782310987567,2
"614",-1.23191514227903,-0.520848194586139,1
"615",-1.30089381893944,-0.523349192467144,1
"616",-0.914300854537125,-0.713239134019733,1
"617",-1.28454479534443,-0.708863585502391,1
"618",-0.905615898503317,-0.332315200935016,1
"619",-1.19557178172011,-0.57804023594642,1
"620",-1.35535690083248,-0.806953900935443,1
"621",-1.00442034827017,-0.612923079492082,1
"622",-1.11411114522012,-0.342388457861499,1
"623",-1.56453832488356,-0.35673615022445,2
"624",-1.57987993759767,-0.49426659706676,2
"625",-0.973186406680527,-0.420388337054825,1
"626",-1.23843262065064,-0.874057893335474,1
"627",-0.936049315192377,-0.311632472541731,1
"628",-0.718002732624147,-0.372384122503348,1
"629",-1.0972797514152,-0.71306139098472,1
"630",-1.07620311553046,-0.218969067597759,2
"631",-0.58137773100647,-0.657275502644239,1
"632",-1.0021334400272,-0.544260052534898,1
"633",-0.660044671468605,-0.451850482739247,1
"634",-0.836428584094725,-0.625706054626028,1
"635",-1.00667166311901,-0.753364033600798,1
"636",-0.963390743515803,-0.392483690800724,1
"637",-1.11847798068735,-0.715622065446481,1
"638",-1.37098671917741,-0.168785218247663,2
"639",-1.11972872587158,-0.653713748218248,1
"640",-0.985996678658878,-0.55695328950151,1
"641",-0.908147365853347,-0.461598900258683,1
"642",-0.950787932494711,-0.753386004953069,1
"643",-0.720266268667691,-0.783042469760199,1
"644",-1.25718372965412,-0.687420083714416,1
"645",-1.29649133772233,-0.650958402923566,1
"646",-0.516554596117287,-0.416022691933114,1
"647",-0.87460709809143,-0.877435563490248,1
"648",-1.06224928119469,-0.508690099851927,1
"649",-1.41702983027942,-0.555130474357265,2
"650",-0.677307018269542,-0.446804341954985,1
"651",-1.35888273140993,-0.333951734400786,2
"652",-1.06374529294902,-0.698302839608036,1
"653",-0.644647610838238,-0.560190371768676,1
"654",-1.0150183788287,-0.779947023368795,1
"655",-1.24939692162768,-0.645676513810063,1
"656",-0.428828891330605,-0.634731892307767,1
"657",-0.690024649289965,-0.259418946689104,1
"658",-1.07113756895484,-0.658346592414015,1
"659",-1.31748509796491,-0.663557451351953,1
"660",-0.874673160063071,-0.54327992474626,1
"661",-0.635936865602125,-0.452318633182321,1
"662",-1.26190101669375,-0.20974001094076,2
"663",-1.13300948837072,-0.525734546457417,1
"664",-1.04333638358514,-0.468179648608342,1
"665",-1.16353385750919,-0.634581685237935,1
"666",-1.0541198949824,-0.557621866027075,1
"667",-1.24214440856478,-0.691466225007058,1
"668",-1.25537802780336,-0.687580498892502,1
"669",-1.43583187777458,-0.509061886086853,1
"670",-1.19853881474782,-0.863146375389056,1
"671",-1.43427735529899,-0.958254161292333,1
"672",-1.31308713970121,-0.88008177491056,1
"673",-0.982121567394072,-0.811279616651559,1
"674",-0.807161430934879,-0.094551581569607,1
"675",-1.27122941893154,-0.594372438685755,1
"676",-1.29834926206821,-0.574706628456522,1
"677",-1.02710337685447,-0.289347253218085,1
"678",-1.22470211911834,-0.905131657452507,1
"679",-0.751443557569396,-0.748503526217419,1
"680",-1.18065809314795,-0.644550721368942,1
"681",-1.30962501376871,-0.586562673832612,1
"682",-0.524659443247048,-0.449722140478198,1
"683",-0.898723927365905,-0.591525589142953,1
"684",-1.06307902685733,-0.672863992458671,1
"685",-0.750764144430159,-0.613572149580341,1
"686",-1.01761046637229,-0.344278316388488,1
"687",-0.864583103473531,-0.641001727590554,1
"688",-1.29739633876121,-0.933058733172298,1
"689",-1.08941505593515,-0.68912777008425,1
"690",-1.09760127744365,-0.761036079525635,1
"691",-0.858090361651861,-0.711477899786963,1
"692",-0.495649743865762,-0.530439288286508,1
"693",-0.954067057959919,-0.561963074236405,1
"694",-0.493816858140812,-0.386950615378932,1
"695",-0.893826338519386,-0.445593982873301,1
"696",-1.57610520002753,-1.04383659993442,1
"697",-0.986399291164334,-0.685165878367108,1
"698",-1.46624396309321,-0.852669555919765,1
"699",-1.25622605807774,-0.604384671330518,1
"700",-1.24050369656493,-0.903100572149151,1
"701",-1.25017839978064,-0.526332663893513,1
"702",-1.29110072783222,-0.668292205650739,1
"703",-1.50238093862212,-1.2187746922094,1
"704",-0.636161039335087,-0.332968391885045,1
"705",-1.14307340196871,-0.277721550183555,1
"706",-0.922904101066622,-0.623341384477566,1
"707",-0.998224859323619,-0.59022665174279,1
"708",-1.4120120233929,-0.169892923370187,2
"709",-1.26371792629542,-0.54640250097107,1
"710",-1.25385629087561,-1.06204064195647,1
"711",-1.51542228848085,-0.605960131956591,1
"712",-0.939731585106764,-0.483733637803979,1
"713",-1.55530996509628,-0.864780746542468,1
"714",-1.29262689444247,-0.717213492470019,1
"715",-1.66689003992915,-0.763251001701627,1
"716",-1.49281869229408,-0.337427725090281,2
"717",-1.27956952893132,-1.02769429537682,1
"718",-1.08179663133772,-0.517965794781539,1
"719",-1.40081606747394,-0.804305733906334,1
"720",-1.07318981109486,-0.718143836971859,1
"721",-1.04365385732563,-0.312077605594134,1
"722",-0.926482910721779,-0.492026265777874,1
"723",-1.2857264439128,-0.942263208343794,1
"724",-1.17637753407078,-0.790088810982725,1
"725",-1.16986549266009,-0.612313285206019,1
"726",-1.06301571809198,-0.625253365964302,1
"727",-1.30214132059901,-0.617458729154349,1
"728",-0.959539437020932,-0.543191399679133,1
"729",-1.34210397930674,-0.754772206612809,1
"730",-1.27307335154715,-0.540424339386304,1
"731",-1.75154355815892,-0.745884443918603,1
"732",-0.645296318171729,-0.362981168888845,1
"733",-1.17135954724833,-0.418063690305565,1
"734",-0.901562715704934,-0.468530993534993,1
"735",-1.34640804982004,-0.790821715902146,1
"736",-1.01797446848658,-0.37353263102422,1
"737",-1.43337839478302,-0.746548121149193,1
"738",-0.609957791242674,-0.693811137831888,1
"739",-1.20797604452849,-0.675375381506854,1
"740",-1.72278929139157,-0.55788477718653,2
"741",-1.11848354747948,-0.522078112124556,1
"742",-0.60577495413208,-0.329703008381776,1
"743",-1.05256962249707,-0.421868674616412,1
"744",-1.28856053077199,-0.76310566321536,1
"745",-1.39831940178201,-0.474928952185546,1
"746",-1.55291486440856,-0.225473526637583,2
"747",-1.14331918980669,-0.455379454207524,1
"748",-1.31224439139992,-0.597471238132196,1
"749",-1.25211064867205,-0.587865578328118,1
"750",-0.796534351683577,-0.549498894940327,1
"751",-1.0112124253025,-0.369563029339921,1
"752",-0.979570685944037,-0.622323364256439,1
"753",-0.781507855315545,-0.663300721921641,1
"754",-0.982251179545584,-0.58138823931305,1
"755",-1.00847908678671,-0.615425329014559,1
"756",-1.17910985724105,-0.497289111350853,1
"757",-0.889807160068084,0.147641931049157,2
"758",-1.20225533834369,-0.594662162965034,1
"759",-0.776453348203524,-0.362164985230825,1
"760",-1.1642582345103,-0.542620207043872,1
"761",-1.16642882177706,-0.534610473094902,1
"762",-1.19954505702341,-0.461812165873971,1
"763",-0.756938739784561,-0.691068443328682,1
"764",-1.96401534066955,-0.107367837813139,2
"765",-0.978039406853301,-0.705814905021076,1
"766",-0.867315367100989,-0.0834750317357746,1
"767",-0.59232840708808,-0.67901831442538,1
"768",-0.58367563250566,-0.0537602664416159,1
"769",-1.23284464850526,-0.698474743279466,1
"770",-1.36785263476078,-0.662593130870029,1
"771",-1.54794371704046,-0.231474434747331,2
"772",-1.55524450978757,-0.669319360458623,1
"773",-0.881825215972519,-0.597164021295021,1
"774",-1.47551192939254,-0.268865782792245,2
"775",-0.476889930116201,-0.277493809971945,1
"776",-1.4590242031203,-0.714196830891824,1
"777",-0.794199762035042,-0.597380931413698,1
"778",-0.815595033551621,-0.533387461906387,1
"779",-0.8586458976891,-0.703202637880014,1
"780",-0.376424397340183,-0.61427672258106,1
"781",-0.620324069105693,-0.451639931132334,1
"782",-1.70271372854209,-0.852089340774899,2
"783",-1.2614196215896,-0.594369750597081,1
"784",-0.328908405302594,-0.373187089572538,1
"785",-0.852490032438768,-0.709903821259234,1
"786",-1.16455944572165,-0.697111130687292,1
"787",-1.12740592989354,-0.705184363333554,1
"788",-1.00878115442342,-1.06206579376688,1
"789",-0.73620825070411,-0.371710688801346,1
"790",-1.03178346764458,-0.469880741599188,1
"791",-1.07885534495378,-0.663430214473792,1
"792",-1.49873110497394,-0.593819234529899,1
"793",-1.23103995558996,-0.452892955751558,1
"794",-1.36255729936461,-0.375310002029093,1
"795",-1.10623064380331,-0.641526142714295,1
"796",-1.40670084004581,-0.531765308131081,1
"797",-0.874283241196794,-0.595591554898034,1
"798",-0.961125737189916,-0.500447791896341,1
"799",-1.66903874630932,-0.0163349244119953,2
"800",-0.68117644268124,-0.23735309413912,1
"801",-1.34945557217271,-0.500649746340411,1
"802",-1.15823219044362,-0.324530468942376,1
"803",-1.72953816303183,-0.844854650537942,2
"804",-1.08910209470837,-0.630466321190144,1
"805",-1.19487149093238,-0.440622727355273,1
"806",-1.20462227056197,-0.583293084707826,1
"807",-1.04878674556547,-0.676663847493377,1
"808",-1.41843736838301,-0.319079417788528,1
"809",-1.28476837733125,-0.32206412248424,1
"810",-1.01523317965146,-0.627417644776085,1
"811",-0.749266868094665,-0.699981095461389,1
"812",-1.07756204873486,-0.633143794300326,1
"813",-1.42513888156448,-0.351391119483274,2
"814",-0.992642680401673,-0.157188329365122,1
"815",-1.16698999521901,-0.71790764711107,1
"816",-1.34148273229924,0.0290053373428774,2
"817",-1.24524701026346,-0.512833129769807,1
"818",-0.672401203514771,-0.481947429428258,1
"819",-0.813304813337085,-0.380717634479213,1
"820",-0.912210072813606,-0.449521370207161,1
"821",-1.14070598105779,-0.785949450310628,1
"822",-0.80196301775602,-0.779568687861616,1
"823",-0.900474024159436,-0.699058843192618,1
"824",-0.905778111454976,-0.328384971789991,1
"825",-1.01508922082527,-0.481886369809621,1
"826",-0.727449515732749,-0.692041101224202,1
"827",-0.887254807872593,-0.661891345521825,1
"828",-0.983671165739678,-0.796383118384904,1
"829",-1.07642830169496,-0.393545805773668,1
"830",-1.14369673409799,-0.784556471411555,1
"831",-1.03961453411608,-0.635134259682757,1
"832",-1.15930662529032,-0.784740296899637,1
"833",-0.809331270959004,-0.2980069240084,1
"834",-1.28560316431525,-0.463965340041749,1
"835",-1.1614816383955,-0.341841562151447,1
"836",-1.41505340649427,-0.500778168466767,2
"837",-0.932931548367489,-0.70358922606885,1
"838",-1.01412892226039,-0.737586763851294,1
"839",-0.953834795526636,-0.651400106999764,1
"840",-1.19315079117371,-0.608787260097948,1
"841",-1.57697727539736,-0.21656867413077,2
"842",-0.54246859325834,-0.67612970461136,1
"843",-1.23027359847557,-0.62528657520977,1
"844",-1.55763096161323,0.285431339239235,2
"845",-1.47084207436945,-0.721155876957277,1
"846",-1.39132505940996,-0.661310807743957,1
"847",-0.866882217129789,-0.469606633214321,1
"848",-0.998957782221725,-0.796474758548419,1
"849",-1.56038396000616,-0.912110870657473,1
"850",-1.03102944732783,-0.598010323837169,1
"851",-1.23511760693624,-0.615620740764853,1
"852",-0.954832956470531,-0.301835370506707,1
"853",-1.18471030494351,-0.771007323668647,1
"854",-1.15251978626296,-0.535486295667519,1
"855",-0.795268783169818,-0.627395005929146,1
"856",-1.2963330426846,-0.385388745120477,1
"857",-1.33544255497819,-0.4947059574104,1
"858",-0.880571639691412,-0.217161595950955,1
"859",-0.834467978785948,-0.631250978305479,1
"860",-1.66203198276911,-0.654270991876284,2
"861",-0.828523739659025,-0.295274741667973,1
"862",-0.386577832435412,-0.167496029299086,1
"863",-1.0176306166226,-0.516446597619945,1
"864",-1.78789086791455,-0.400886701627265,2
"865",-0.972286262249625,-0.508466730582954,1
"866",-0.962056656096623,-0.836843281836661,1
"867",-0.765242235514081,-0.339729361483491,1
"868",-0.970179289962312,-0.455012289282832,1
"869",-1.02458368312387,-0.598938195825981,1
"870",-1.3632194805681,-0.703052747489454,1
"871",-1.45383550830142,-0.710608527882982,1
"872",-0.819948767662222,-0.291389002238569,1
"873",-1.06514896712413,-0.413899038868734,1
"874",-0.786651694291087,-0.408751406049582,1
"875",-1.19260471229381,-0.554425576291155,1
"876",-1.2755662837036,-0.6075509000254,1
"877",-0.918540991324594,-0.704502211156309,1
"878",-1.24128212367556,-0.716485943761381,1
"879",-1.00651430199881,-0.316406908727675,1
"880",-0.904975105010401,-0.443396775703768,1
"881",-1.31963135011557,-0.374861531748492,1
"882",-0.538821990418646,-0.420831509374141,1
"883",-1.09356571501621,-0.648923087579176,1
"884",-1.08858241799685,-0.400087307741068,1
"885",-0.937201232371287,-0.00552554622230463,1
"886",-1.29464105072823,-0.597253281429446,1
"887",-0.818853148697949,-0.440429326892992,1
"888",-1.25718005137689,-0.996045294397168,1
"889",-1.71978943725693,-0.42718025488565,2
"890",-0.58454396079101,-0.472021576411315,1
"891",-1.05009521615269,-0.323782459705353,1
"892",-0.253696449532244,-0.0844410950187017,1
"893",-0.611811105999946,-0.498654589982505,1
"894",-1.12450906577017,-0.19504742921617,2
"895",-1.1507131631111,-0.093875679372925,2
"896",-1.02545806581292,-0.475724092943044,1
"897",-1.22865662228723,-0.765990279851238,1
"898",-1.46160439842776,0.1321753873173,2
"899",-1.26692382850215,-0.507258946698588,1
"900",-1.55594174394366,-0.145320968788234,2
"901",-0.985026854171463,-0.746306909512769,1
"902",-1.44319922967761,-0.942913211288142,1
"903",-1.29292094634462,-0.624533926659015,1
"904",-1.26075105876658,-0.893092806515096,1
"905",-0.692547135476237,-0.534725238117175,1
"906",-1.34274212363318,-0.284493161209664,2
"907",-0.93116313226338,-0.175689251038194,1
"908",-0.834575079430107,-0.339517282694222,1
"909",-1.17465778682035,-0.743366059293609,1
"910",-1.10368088415543,-0.744836888828316,1
"911",-1.13227721077186,-0.720949679021491,1
"912",-1.25476219626946,-0.763083102677045,1
"913",-0.908963033206717,-0.522404017342661,1
"914",-1.24270663127159,-0.652424425128596,1
"915",-1.10125137441014,-0.626243578419227,1
"916",-1.11602792681466,-0.528065458853113,1
"917",-0.817750763690828,-0.435352046378956,1
"918",-1.70082986754909,-0.621842536928248,1
"919",-1.45758492751111,0.0703211210184547,2
"920",-1.51484683997343,-0.267072841975258,2
"921",-0.893523878208785,-0.729205384324085,1
"922",-0.748861838494379,-0.882260683286881,1
"923",-1.29650099931697,-0.491734931666068,1
"924",-1.07239438577246,-0.953287232991661,1
"925",-1.36769959636925,-0.305224347503441,2
"926",-0.88467815461957,-0.846322161588777,1
"927",-1.34797862753987,-0.693784111080368,1
"928",-1.14641697472395,-0.450219427591754,1
"929",-1.49893494833696,-0.59446016213303,1
"930",-0.696569570949845,-0.18142533408837,1
"931",-0.93560876502791,-0.739911105461244,1
"932",-1.53278096262279,-0.345194931235142,2
"933",-1.2552522227028,-0.411755415423085,1
"934",-1.00174242566564,-0.744083820408447,1
"935",-0.994225288668966,-0.771753484253627,1
"936",-1.5070674371859,-0.659395670774538,1
"937",-1.01669481653827,-0.148513805400892,2
"938",-0.989100753254347,-0.766710852656949,1
"939",-1.12821233440497,-0.699285862595231,1
"940",-0.981113778583974,-0.758727911827861,1
"941",-0.956878405658441,-0.433703436205953,1
"942",-1.38189509250888,-0.966619907441396,1
"943",-1.11156504815664,-0.414545257207361,1
"944",-1.0417109697425,-0.395067337377004,1
"945",-1.13745254861636,-0.521720744896502,1
"946",-1.10921885074039,-0.530310493374777,1
"947",-1.15668313221736,-0.605419638006108,1
"948",-0.87369378130429,-0.585506812631586,1
"949",-1.19613063121527,-0.421138124667389,1
"950",-0.841759579645374,-0.631362541197448,1
"951",-0.961934697421007,-0.73190274244858,1
"952",-1.01313160100719,-0.82609722546001,1
"953",-0.910409447680729,-0.40567017667902,1
"954",-0.777587933744179,-0.444001009303456,1
"955",-1.40309629664746,-0.325069443042713,2
"956",-0.961839249130644,-0.395401086148368,1
"957",-1.36138654475247,-0.71914785727649,1
"958",-0.971119514727424,-0.597019756579195,1
"959",-1.66916702857602,-0.230782498094652,2
"960",-0.960394656145683,-0.779869838841136,1
"961",-0.694253865871107,-0.44379370722303,1
"962",-1.67362042039578,-0.572577610553938,2
"963",-1.55550617525349,-0.908537652949625,1
"964",-1.20373656743126,-0.89842331068812,1
"965",-1.13135726172827,-0.770518032231931,1
"966",-0.646857905415609,-0.459168449327904,1
"967",-1.15863541464213,-0.473535019502178,1
"968",-0.810811319751755,-0.294489581179722,1
"969",-0.840557381203503,-0.630954227524166,1
"970",-1.46903461740134,-0.773724582769681,1
"971",-1.10072491581354,-0.659548038233461,1
"972",-1.21731099448355,-0.448744887609616,1
"973",-0.340804314228538,-0.435763288572537,1
"974",-1.36313709066392,-0.683139422763776,1
"975",-1.21480702887006,-0.533539143634831,1
"976",-1.445582767871,-0.367474408997533,2
"977",-1.10088079549565,-0.608387655901153,1
"978",-1.1121251599503,-0.717048588709463,1
"979",-1.09246259631401,-0.486736126899227,1
"980",-0.594561186587696,-0.482165414066042,1
"981",-2.30819872588605,0.735461897794904,2
"982",-1.1617124899774,-0.610385976741164,1
"983",-0.806996365574735,-0.422844168500064,1
"984",-1.32533703546946,-0.386604686045168,2
"985",-0.782035153007575,-0.577484467036945,1
"986",-0.941442688027978,-0.116805648230589,1
"987",-0.862639531547936,-0.427439596881584,1
"988",-1.32171272606817,0.323559000288452,2
"989",-1.06189083770479,-0.59266296085445,1
"990",-0.786621545486309,-0.773060216311874,1
"991",-1.22211398662453,-0.11714137965562,2
"992",-1.18148951914385,-0.225989971621394,2
"993",-0.269200706189991,-0.329799525760493,1
"994",-0.864137325705248,-0.409395735632992,1
"995",-1.0713515182461,-0.591722165716861,1
"996",-1.47689851319286,-0.377820257253798,2
"997",-0.96147569743461,-0.810839558342807,1
"998",-1.63837477290974,0.00527935301093943,2
"999",-0.956912168559713,-0.149367787244721,1
"1000",-1.28415365536532,0.251981738658111,2
"1001",-0.7878562522677,-0.422727900946008,1
"1002",-0.974925378869046,-0.272067523226762,1
"1003",-1.45342091438491,0.203164572123014,2
"1004",-0.970939420217623,-0.561881342781409,1
"1005",-1.07594530750483,-0.197868705293396,1
"1006",-0.88581868487287,-0.56949151506183,1
"1007",-1.13540610891885,-0.367255181876272,1
"1008",-0.464820593159401,-0.406208085219426,1
"1009",-0.760184036157268,-0.26765737799654,1
"1010",-0.873655551624942,-0.75597163353474,1
"1011",-1.37408599914451,-0.668082140645287,1
"1012",-1.70280418450352,-0.285157813724801,2
"1013",-0.876845963179873,-0.475396023918134,1
"1014",-1.02343561241254,-0.395356515604443,1
"1015",-1.09433471731783,-0.139332014584744,2
"1016",-0.931865715318851,-0.450366260684305,1
"1017",-1.43223566867398,-0.781990270862212,1
"1018",-1.12776793590973,-0.153405321240865,2
"1019",-1.00759559902951,-0.18073072209526,1
"1020",-0.859571714886075,-0.316405909051418,1
"1021",-1.44385389222034,-0.207384583321412,2
"1022",-0.797631260147907,-0.294510424818636,1
"1023",-1.16698119010413,-0.474746572406165,1
"1024",-0.900120621582373,-0.135616039878432,1
"1025",-0.928066701710005,-0.219166395323796,1
"1026",-0.759253566097051,-0.228894609427498,1
"1027",-0.691150428823051,-0.273072252490695,1
"1028",-1.53899386529464,-0.431782857195012,2
"1029",-1.407257752858,-0.514941285940362,1
"1030",-1.40234185036691,-0.429543109308418,1
"1031",-1.23330038970827,-0.369607126813706,1
"1032",-1.04138425326585,-0.320838169801963,1
"1033",-0.555002694396977,-0.170604464412953,1
"1034",-1.08719664610243,-0.581803641717019,1
"1035",-1.74043997348695,-0.452749920783976,2
"1036",-0.84699426166846,-0.0568543767087845,1
"1037",-1.32199818320281,-0.29141589235729,2
"1038",-1.37365232200633,-0.41717821898803,1
"1039",-0.788649077551208,-0.234193152365032,1
"1040",-0.972765276140619,-0.172939095062504,1
"1041",-1.11122538647103,-0.432211731440867,1
"1042",-1.22287519014853,-0.477825667241882,1
"1043",-0.970894302235749,-0.66514586880701,1
"1044",-1.3560730483022,-0.506398860613824,1
"1045",-1.16059873298979,0.0767633245774928,2
"1046",-1.03310082768423,-0.622487355573655,1
"1047",-0.909440187111947,-0.425575233755001,1
"1048",-0.875408688154796,-0.0910655018058119,1
"1049",-0.92433365956662,-0.12468609773468,1
"1050",-0.809288701919654,-0.903533339272663,1
"1051",-1.35712644151386,-0.593409853886484,1
"1052",-1.14173461904058,-0.479080656516504,1
"1053",-1.40978071934936,-0.338628620929639,2
"1054",-0.35622563293656,-0.126331236051738,1
"1055",-1.02908877193276,-0.0660239732279792,2
"1056",-1.25063224759354,-0.521414218778163,1
"1057",-1.23468743658371,-0.412504385186926,1
"1058",-0.992206302827147,-0.281070624496774,1
"1059",-1.09424856110956,-0.460582827751071,1
"1060",-1.02809082276322,-0.481736277247775,1
"1061",-1.12996074817935,-0.330656324725766,1
"1062",-0.947120851864422,-0.630713684673315,1
"1063",-1.06748856376082,-0.229773797324917,1
"1064",-1.3438040066495,0.0440330559476261,2
"1065",-1.68763796910458,0.143787963156835,2
"1066",-1.06651286384416,-0.48825905284306,1
"1067",-1.18761129839285,-0.64160943061916,1
"1068",-1.51879419098519,-0.755308606112116,1
"1069",-0.628827035023666,-0.106123604900714,1
"1070",-0.68702939424693,0.144398346460501,1
"1071",-0.813542004891114,0.0428996059601197,1
"1072",-0.957665651343353,-0.443745350275375,1
"1073",-1.25510474820379,-0.253750121124094,2
"1074",-1.3117087589336,-0.140687740335595,2
"1075",-1.56922387314727,-0.478562276389074,2
"1076",-1.11655166703313,-0.225333760360252,1
"1077",-1.11759192023563,-0.807988042141951,1
"1078",-0.740578385089697,-0.453135324247205,1
"1079",-0.749215088597222,-0.627664551065966,1
"1080",-1.1974048188126,0.317964368064015,2
"1081",-1.41575905745467,-0.544833062585803,1
"1082",-1.11509169278112,-0.163130109260192,1
"1083",-0.502822272188609,-0.420466065187427,1
"1084",-1.17095738063307,-0.205629036790498,1
"1085",-1.28404892798556,-0.522384404306522,1
"1086",-1.34368074788972,-0.849700589415103,1
"1087",-1.52403790200961,-0.57495215740209,2
"1088",-0.728637520497363,-0.143050251632904,1
"1089",-0.932950476879481,-0.561115217478597,1
"1090",-0.989229503692751,-0.123163663998115,1
"1091",-0.830819280624857,-0.504331583083578,1
"1092",-1.38057477692379,-0.374020410944924,2
"1093",-1.24271312647173,-0.114899552520262,2
"1094",-1.70709832122912,0.0646706537379801,2
"1095",-1.20426659321331,-0.381450121800463,1
"1096",-1.04392837294214,-0.460430831364141,1
"1097",-1.48975766443731,-0.647768700718676,1
"1098",-1.34257021079031,-0.456701111713894,1
"1099",-0.901299722319222,-0.33839343505415,1
"1100",-1.04494264061572,-0.101978542645276,1
"1101",-1.22553381233832,-0.213777200276079,1
"1102",-1.22292414955879,-0.480450546695307,1
"1103",-1.21748666205153,-0.0922125610323542,2
"1104",-0.886886599912114,-0.0417243796635486,1
"1105",-1.6450054070639,0.150383263072533,2
"1106",-1.68764208004344,-0.345139192798579,2
"1107",-1.48616238190119,-0.526128280282593,1
"1108",-0.928805747638039,-0.39299933159946,1
"1109",-1.39247547765621,-0.397632142563853,2
"1110",-1.05504779076994,-0.553384554995943,1
"1111",-0.647291732306285,-0.311989667769611,1
"1112",-1.04331517118765,-0.68636175244536,1
"1113",-1.50683666106427,-0.291196594461664,2
"1114",-0.82005558835584,-0.59020139040425,1
