id,pca1,pca2,k_means
1,1.2578174837560774,0.39549504423959086,1
2,0.9079201485907322,0.5710958812832316,1
3,1.1862020913961255,0.5094310345172569,1
4,1.6669200302460836,0.14154464099519629,0
5,1.6298618267200184,0.6806884670239975,1
6,1.4158721507498635,0.32140872403845633,0
7,0.7275063688108975,0.9019316945272233,1
8,1.1692339445340723,0.5787430624478046,1
9,1.268138398006409,0.6632782818499094,1
10,1.5962513781922074,0.17424648649982014,0
11,0.7972260914214766,0.6365161219068419,1
12,1.0290969810832336,0.6835491279047866,1
13,0.9906316032594804,0.5500419198454102,1
14,1.3961811044722947,0.4991718014764787,0
15,1.3163917200385642,0.6435825173205529,1
16,0.7195376873150712,0.48620617523320525,1
17,0.9851069879688982,0.5619099305241091,1
18,1.7135341349055362,-0.1212501250817129,0
19,1.4263064715891927,0.7505720694527738,1
20,1.1968853061984288,0.2998202888641384,0
21,1.2542751747629994,0.7234109686224571,1
22,1.3174294581085146,0.1256476105549009,0
23,1.1451093767207372,0.8903520592118342,1
24,1.2816153436793596,0.07972103398205263,0
25,1.2224626568418049,0.1413445855509438,0
26,0.9334623926911337,0.45998595282165566,1
27,1.2295769992021839,0.7163339678218591,1
28,0.7058607312464559,0.4196073597571178,1
29,0.9613583840838131,0.6329791905159635,1
30,1.1478650230612109,0.2347402051229919,0
31,1.0370033465280928,0.5129816486311732,1
32,0.745669628512464,0.4142865266691785,1
33,1.3037144203614939,0.6338464345323652,1
34,0.919649079115676,0.5408684370312442,1
35,1.1144908987395237,0.6381246381488443,1
36,1.8327336901270828,-0.20701549647057843,0
37,0.8675828754864114,0.5763980134107538,1
38,1.0918751929836508,0.6503026814708743,1
39,1.2785670423394886,0.872578667991129,1
40,0.9645586415411445,0.5394992661473244,1
41,1.48169673064006,0.3904837443952901,0
42,1.0363258841047505,0.7548906837958741,1
43,1.3540666208198628,0.6238075093258598,1
44,1.0879719161617945,0.9054179725959904,1
45,1.0412263877153862,0.7738050841645109,1
46,1.25963073256499,0.1485346485116627,1
47,1.2909810044041878,0.637747799729775,1
48,1.2227355451570603,0.5954664669658924,1
49,1.4547861111215008,0.5027267190874327,1
50,1.305979459982494,0.7692572839190039,1
51,1.2391401525632433,0.6289558256720049,1
52,1.1186958517483159,0.8399187777503998,1
53,0.9681027734118505,0.4655585445952277,1
54,1.7219502840155445,0.747148754518982,0
55,1.2037477935930014,0.4441949492543452,1
56,0.8035616633725614,0.6227898537499184,1
57,0.757940773546508,0.5936839411278731,1
58,0.9924677226314249,0.39127734442657064,1
59,1.7567821635481868,0.5398118284431279,0
60,1.5372696692015775,0.38906372838901465,0
61,1.6118893781807435,0.4906254682676726,0
62,1.216004855385462,0.47503273161432746,1
63,1.1707653779769875,0.5676610821810409,1
64,1.463331016563089,0.09860537852771266,0
65,1.3560919188999807,0.413290472909068,0
66,1.293031604733933,0.8513727741877694,1
67,0.8364294289585327,0.3987176552086964,1
68,1.4778753473889663,0.4241717700419641,1
69,0.9656013270992757,0.5731610831434946,1
70,1.6753424413467437,0.15028166829328454,0
71,1.774560765322732,0.04749289931210456,0
72,0.6978179277122155,-0.06179956014151861,1
73,0.8393771456068678,0.662422541361675,1
74,1.1358771088701234,-0.03909794941277392,0
75,1.3222321257460454,0.3861646133998568,0
76,0.9510138635607562,0.500236101714337,1
77,1.3727780037956534,0.7533738690924732,1
78,0.44094337405220424,0.3842783797514421,1
79,0.9814766828941718,0.377472446201891,1
80,1.2609049617750216,0.6661011809359753,1
81,1.3653992784128615,0.5456118227342234,1
82,1.2432701433289646,0.39807571148894383,1
83,1.0703168876961695,0.6081999833968489,1
84,1.0211890441091824,0.5720713339916005,1
85,1.206112524776502,1.039580412589476,1
86,1.5173800497907144,0.6752647577208182,1
87,1.1593343907839309,0.47411134585016323,1
88,0.924363101707914,0.351274591889834,1
89,0.858298896839364,0.3555110661045464,1
90,1.0235772553130007,0.39204226526645697,1
91,1.039292782179662,0.4875454166620321,1
92,1.2160150240965628,0.5036744090131239,1
93,0.8237386080616708,0.8257418372780667,1
94,1.2124296112654414,0.9172945820194404,1
95,1.7213185241844349,0.3242017503234182,0
96,1.558859546886551,-0.04104681195699532,0
97,0.8593256950312053,0.32694708465264455,1
98,1.1176306528023219,0.11854749390727408,0
99,1.5291811141899834,0.8534471365988789,1
100,0.9971571392837543,0.17275117079957503,1
101,0.9426266682265387,0.7491831908529133,1
102,1.1289584851990213,0.07922060344435229,0
103,1.2495599670732445,0.2910628505229531,0
104,0.33138990335500634,0.4308705923483454,1
105,0.9986667191635851,0.5451919062059771,1
106,1.4050510556569384,0.44870848106519795,1
107,0.7124909345608601,0.1147114650137674,1
108,0.6866284281635522,0.31033001072601474,1
109,1.236832652762972,0.6856679354737746,1
110,1.2625936525274832,0.32372592872763195,0
111,0.8152869502341277,0.8276189141792977,1
112,0.7236725119640882,0.2942004000940886,1
113,1.2595719377333852,0.6400835594283675,1
114,0.9212440398630649,0.709819378392255,1
115,0.8449786261688076,0.8047447042723908,1
116,1.534674657373178,0.1667541001363654,0
117,1.459065057122889,0.7199191042725225,1
118,0.6911695344763057,0.6907246711402538,1
119,0.8393191385965661,0.44652311244950604,1
120,1.3854750980580341,0.9037937413060765,1
121,0.9223852678456681,0.524521763915812,1
122,1.2386357114192046,0.4570624644159871,1
123,1.1607314286633472,0.6209939050416533,1
124,1.3876644404848322,-0.008916430316872248,0
125,1.957635602917105,0.07483114935750668,0
126,1.533463264101735,-0.008885556794321922,0
127,1.0809846829258989,0.009287783120133791,0
128,0.9007557169834564,0.2128671510236761,1
129,1.1496547376360713,0.5118944575821962,1
130,1.027261889200575,0.6230862200623487,1
131,1.2594350340292748,0.5707961192298131,1
132,0.8548002896482978,-0.04924202156743778,0
133,1.6206214026095012,0.6516898036289274,0
134,1.265800944017783,0.24457250488579954,0
135,0.8259763193439112,0.2910378795084467,1
136,0.9031738166028966,0.6678716549316983,1
137,0.9103308756527363,0.5656370837232011,1
138,0.8148170983015226,0.7572181080782563,1
139,1.7159058493604675,0.8856040448668958,1
140,1.1847576437414584,0.5811968260157256,1
141,1.234887705320079,0.5262529668706221,1
142,1.0271481926009345,0.9938003572505593,1
143,1.5745870992048325,0.8700648514198385,1
144,1.20148627299078,0.818777169640801,1
145,0.8338349692847571,0.28112077999946844,1
146,0.9156172554417287,0.41696155359376924,1
147,0.9722767779217445,0.6156449015129017,1
148,1.2570826303662808,0.7133341481897133,1
149,0.9567575235853828,0.3567360036075934,1
150,0.8744663744582679,0.44707309414293334,1
151,0.8300848191001049,0.3348511460184082,1
152,0.9490503734067315,0.2835432120059691,1
153,1.3461181324685532,0.5850030305768064,1
154,1.3394674180270298,0.2480033975886781,0
155,1.127439820547226,0.6174925613327032,1
156,1.1871067719317483,0.5222125307759312,1
157,1.216848728608018,0.258004820913231,1
158,1.3380474892294305,0.9964292092598755,1
159,1.2616250719649231,0.8107303167358305,1
160,1.040909765374706,0.2730377018663983,1
161,0.6885455579449817,0.5177716621879631,1
162,1.2303522694383355,0.554815885679557,1
163,1.2362144487059676,0.6431912278787649,1
164,1.0895111827412594,0.5171982680543115,1
165,1.8042260696654524,-0.06294126129593033,0
166,1.2059859136236997,1.140891055636034,1
167,1.350989349702067,0.27596660398804707,1
168,1.1254147038553797,0.39743176744575,1
169,0.9739493306157339,0.785333017972238,1
170,0.9734036519846088,0.24631062441318105,1
171,0.9743433443525223,0.919415414571581,1
172,0.5946304387252014,0.48782118967601,1
173,1.346525487573602,0.8090972092577892,1
174,1.0848483568044365,0.37195650825602045,1
175,0.7521601500796955,0.5222398554068745,1
176,1.2260658568136138,0.8277374970820531,1
177,0.7165776141873136,0.4128318182057953,1
178,1.175332766226768,0.5757507373441002,1
179,1.512411294833662,0.3327295394627289,0
180,1.0954021957480136,0.5674009040241311,1
181,1.276827119492793,0.33634278141187385,0
182,1.0117924163070269,0.3716973142699192,1
183,0.789504681392129,0.3868457785556503,1
184,0.8736596399849612,0.6947182879598384,1
185,1.0062999799766306,0.35050598762026525,1
186,1.2595133281575106,0.6618999547835189,1
187,1.3250918684402002,0.8479403155323845,1
188,1.5565777303983095,0.6803136796681175,0
189,1.0378056293440239,0.23614404188631352,1
190,1.0326118660062444,0.8127796172966117,1
191,1.1662596916741623,0.6195412113638912,1
192,0.9863034476758865,0.840967718933423,1
193,1.0857814315760679,0.20717572175277757,1
194,1.6217993578022727,0.027540487552650574,0
195,1.3568914858945629,0.4988082957690697,1
196,0.8117366164195161,0.1732870688905258,1
197,1.230729605007081,-0.19591278797637598,0
198,0.8672115547125324,0.9422288644136707,1
199,0.9057009218238372,0.6959275904497342,1
200,1.2470220007647428,0.23940338706530645,1
201,0.8369922670597724,0.7250049226545989,1
202,1.2410749446165028,0.7025733370782263,1
203,0.9022263356265603,0.7994744178213642,1
204,1.3407572238718948,0.6639658400630524,1
205,0.932311488506189,0.48026755148480027,1
206,1.0826931738677141,0.18059731139786941,1
207,1.1904253749174867,0.736060782291692,1
208,0.6887713847474757,0.547747032366409,1
209,1.0729101215560695,1.0359416236362604,1
210,1.4629556318422814,0.3534797319499486,0
211,1.3086877767667626,0.6287577691255981,1
212,0.6405507927211995,0.2930287450862558,1
213,0.8017131316000232,0.7330418669493118,1
214,1.3321521099289575,0.2384181005191552,0
215,0.9000118771982711,0.2672516354848491,1
216,1.7431765745077652,0.17853371171437296,0
217,0.7253748747653253,0.6298590303064537,1
218,1.1765982179345789,0.5480428645697202,1
219,1.346540195103972,0.7702771104154372,1
220,1.0695997815843488,0.8843017064591795,1
221,1.1228145793152269,0.5277833254934385,1
222,0.9196771583701463,0.1414207937956126,1
223,1.159207194832928,0.5106746692570889,1
224,1.6849577028054519,0.061054891102013405,0
225,1.4605388946607494,0.38321051290530966,0
226,1.4077326710090572,0.1421767431040186,0
227,1.4051886367443287,0.6467888122160788,1
228,0.8546390111476706,0.4288599546019832,1
229,0.8831316004293848,0.590336534428965,1
230,1.0573120298077807,0.16919361189746876,1
231,1.1458097831229175,0.6620428685491443,1
232,0.7425367171070971,0.5873986723676784,1
233,0.6413972934600511,0.5237853334889625,1
234,0.9102543646304875,0.17034020969663455,1
235,0.905504166477945,0.4662710799878184,1
236,0.9814405523056148,0.5524191138529774,1
237,1.0309327696141883,0.4461915567669627,1
238,1.0905719607404807,0.5580622603239329,1
239,0.897043990032719,0.5905448751798356,1
240,1.0691476439058438,0.7704973507697932,1
241,0.7792869747204461,0.6754157134364759,1
242,1.5177016163725998,0.3174829814748094,0
243,1.33583301612724,0.5729579262033102,1
244,1.253395273953833,0.44166382960438644,1
245,1.0473987178689539,0.792280636882321,1
246,0.7644492327921418,0.4773600709721379,1
247,0.7512182136246913,0.7406082292855262,1
248,0.9311798349304989,0.6694556803574137,1
249,1.278766743463609,0.36330988890072063,0
250,1.1093220296861455,0.541512019241662,1
251,0.5066796121677818,0.6161523227356259,1
252,1.0326280216787604,0.19631945718144575,0
253,1.197895281247091,0.9901108096417628,1
254,0.9229829646446874,0.43685318845111115,1
255,0.745605570426023,-0.060897275704178695,1
256,1.2431818825485315,0.6680002161369868,1
257,1.075963538728668,0.49772564307644956,1
258,0.8318547256562455,0.9684873993374234,1
259,1.0424831527993674,0.4443002483978849,1
260,1.01713035150268,0.6131415441119926,1
261,0.6903314053560035,0.38907886396461877,1
262,0.5408130998956286,0.2739515378645208,1
263,0.6654582355242004,0.7624033541626171,1
264,0.854413634278815,0.8647707717430866,1
265,1.1030777902621245,0.2374633804563512,1
266,1.6702928390626175,0.46762020239072505,0
267,0.8641470536133484,0.4678997240208766,1
268,1.2455586766790911,0.5141023319505635,1
269,1.1973855857211468,0.39116167019769804,1
270,1.065333931598203,0.6611633717623502,1
271,1.2541505578213399,0.00044145989382771665,0
272,1.301539256089526,0.3306620254991639,1
273,1.3849795579003883,0.5389833194571487,1
274,0.5481317512499715,0.5466657632270157,1
275,1.0350385531986008,0.9666764687217541,1
276,0.6836666286801514,0.6352794640218469,1
277,1.243272188402303,0.8624945384213493,1
278,0.791702809433476,0.510966096689031,1
279,0.9649951025248348,0.6275851618273908,1
280,1.0359215036931462,0.8868608908248427,1
281,1.290614916494891,0.370054364031496,0
282,1.0322862327103854,0.44734051558014354,1
283,1.5200563543116647,0.8688953404599071,1
284,1.6574421305544589,0.22325992710705497,0
285,1.1476068185058548,0.5597605791404333,1
286,1.1559674401653266,0.37357045843998415,1
287,0.9260221698548068,0.6463326727421849,1
288,1.5417732390877776,0.18272041013400206,0
289,1.5691773438686012,0.7408082230884729,1
290,1.8519879666906751,-0.07048400604323271,0
291,1.278469572643924,0.8190790063578031,1
292,1.1387696838726584,0.17096651974917015,1
293,1.288344869522698,0.7892040859221456,1
294,1.2971286757121767,0.17913848517783434,0
295,1.1155167132385646,0.5292014945866504,1
296,1.7288961826672953,0.7396552132681481,0
297,1.263331717982146,0.41753240966859145,0
298,1.2182433716220926,0.24133407207463034,0
299,1.4493931100148862,0.35930097820309104,1
300,1.5120524265332642,0.3348257878808892,0
301,1.1930268958819026,0.28241773612415244,0
302,0.8696245169729948,0.529136848487723,1
303,1.260221668597898,0.5097869173681785,1
304,1.2888165934501357,0.543057917869052,1
305,1.0029720475851054,0.7165712023254688,1
306,1.3059906314375949,0.8723296876280461,1
307,1.279236781537005,0.6134530530023178,1
308,1.2137702185378612,0.3115273405769713,1
309,1.3599026186151746,0.7701306016826387,1
310,1.475191553779942,0.9017892338675656,1
311,0.9255562940957067,0.11395362071829447,1
312,0.9392568986319629,0.8668933887129706,1
313,1.2144196671994811,0.3525594564680393,1
314,1.8220909999515855,-0.057470052067738135,0
315,1.2987234130980014,0.4318251223905858,1
316,1.2259349376225266,0.2862544166381474,1
317,1.292709664576175,1.160801450001352,1
318,1.4214658184040498,0.9663337282909049,1
319,1.348900260437787,0.8946284222934052,1
320,1.0609743001448393,0.5454615469048842,1
321,1.3984529673760213,0.7104872898687558,1
322,1.3197553178901476,0.2074580785090594,0
323,1.7752383449373619,0.05107349413093512,0
324,1.5474611965739302,0.3079599298840083,0
325,1.8047851096114536,0.6101299440958029,0
326,1.5418656206842623,-0.17140220083027424,0
327,1.2644127874547821,0.40604295281608227,1
328,1.4666503157546016,-0.03871615827927049,0
329,1.1941184526233006,0.7220670263652191,1
330,0.8860938499161144,0.4108702554645544,1
331,1.5630120206768447,0.4994387877618042,0
332,1.2512056020490019,0.6517614970455197,1
333,1.8131196397542206,-0.029728111778628854,0
334,1.2546216674033206,0.6723659694733528,1
335,1.4204983346301974,0.6340344861183337,1
336,1.1213729188414199,0.5947609818402599,1
337,1.12550245053356,0.49975408506299707,1
338,1.65938806157298,0.3166049741306646,0
339,1.2105173136373257,0.5268220925287986,1
340,1.4281828123973614,0.4602463448792008,1
341,1.3901630949483634,0.28916220210834725,0
342,1.5601469235913832,0.10395323047853419,0
343,0.8308299968967086,0.5918049093141677,1
344,0.9431136835408428,0.20968491840776732,1
345,1.3704941480290624,0.22779661744937965,0
346,1.041786345363036,0.6127580286468961,1
347,1.2867993554235353,0.9709072764806943,1
348,1.1840939693792814,0.8248721860754153,1
349,1.4790299679184216,0.5994677770415907,1
350,1.3329729171055642,0.13489703926124075,0
351,1.4831439609078345,0.5628747669555537,0
352,1.6966240581487022,0.8882915675943417,1
353,1.341561627697652,0.5973045053036893,1
354,1.1190117782659104,0.1407705992333097,0
355,1.4245207023862412,0.29817330519348384,0
356,1.6118701831572961,0.08997831221961136,0
357,1.470915062279915,0.46385628298488174,1
358,1.8855528427893666,0.03148887582366494,0
359,1.5487437389939296,0.2789237138102814,0
360,0.7667155956600518,0.26811609362114086,1
361,1.4174471914379738,0.508839733749644,0
362,1.9409087757490997,0.019312229190663437,0
363,0.8927752228878156,0.04577694266170555,1
364,1.4481285406572781,0.6124788372946077,1
365,0.9869652483402677,0.679168547451633,1
366,1.9390667394066134,0.5637704015535461,0
367,1.9150935289391928,0.48682521463455836,0
368,1.6113475315319754,0.6217746224408711,0
369,1.5398556970522987,0.8052788831247191,1
370,1.3859766604330512,0.6824393766041523,0
371,1.5989729011515268,-0.22190531238629385,0
372,1.3358941377081794,0.5472734681871213,0
373,1.1684305496011655,0.39336427318265627,1
374,1.7543603399619656,-0.11654230359393619,0
375,1.5094579759066724,0.9382224935740534,1
376,1.0564470877702197,0.8079983178488058,1
377,1.2623351036900001,0.5336677398298385,1
378,1.5038588428944772,0.23729320453458286,0
379,1.9161476576089396,0.15620824262649524,0
380,1.6343675256771857,0.6497317034215863,0
381,1.5150461731993639,0.4744775016608121,0
382,1.1628110007736716,-0.14593457159789205,0
383,1.3322213455741818,0.8178277994600809,1
384,1.649314301786365,0.02291614912020224,0
385,1.1596796855564153,0.7649138462623464,1
386,1.2754916819266755,0.6776728255766409,1
387,1.451439082086146,0.6303511889881971,1
388,1.1826970801737224,0.3323194195382591,1
389,1.0199635913548781,0.689358377598868,1
390,0.6547609781179692,-0.013499114298282988,1
391,1.4817562327110434,0.366214224006583,1
392,1.4134734423505109,0.7261708155692507,1
393,1.217882864316086,0.8731993315072166,1
394,1.2374980128604596,0.955156593011839,1
395,1.44999300259441,0.6967188802777113,1
396,1.396696388776066,0.11175842490151162,0
397,1.748224857282446,0.7953847190212258,1
398,1.5828794500129586,-0.034012250650358726,0
399,1.748519500915194,0.11641568275293729,0
400,1.6611313187119372,0.5663827476178603,0
401,1.8599550519065304,0.5382592734908132,0
402,1.1950597697229666,0.544197888830671,1
403,1.2843907203965919,0.23230108414787498,0
404,1.2185273252530215,0.08038484968825921,0
405,1.138183497162132,0.16633406341685522,0
406,1.500716223100005,0.7612878151349581,1
407,1.484358204790578,0.7550433755982509,1
408,1.3191596462116515,0.685837654953574,1
409,1.0851495401170932,0.4319105145819938,1
410,1.4045341601897148,0.19858055024334217,0
411,0.8001166512717054,1.0099044842621405,1
412,1.1934173787385598,0.8206399614335619,1
413,1.1577394060762174,0.18110461271730577,0
414,1.4517477437049813,0.45122048300406337,0
415,1.0928376654319352,0.3551269629309725,1
416,0.9771329972730644,0.40915694571439165,1
417,1.612925313448133,0.2731213602883187,0
418,1.3126513861663014,0.28221341719294496,0
419,1.018791765507191,0.7567793231312714,1
420,1.1192977366152779,0.30794852910578363,1
421,0.7886712333895475,0.16074749367682653,1
422,1.3791202638788738,0.44585680713541165,0
423,1.4417622021518994,0.26140011521357975,0
424,1.3475755565771148,0.5089176259573874,1
425,1.3979342747196462,0.39580119485550885,0
426,1.2152566217009986,0.5709423488779457,1
427,1.601366633660228,0.11203713714213093,0
428,1.6670773901554448,0.2818476275568009,0
429,1.1406428056058702,0.6005886251149558,1
430,1.1952173853834818,0.4967246937627568,1
431,0.9875484081833239,0.8600648084215563,1
432,1.5175323231521205,0.5571999646573257,0
433,1.4499614204842455,0.060146337476167336,0
434,1.6371259566177763,0.637504560896173,1
435,1.3262805569337954,0.673455341320696,1
436,0.7431224572355567,0.19929265339806354,1
437,1.1470241313365261,0.3055518078524054,0
438,2.3044341810286033,-0.6217670972170769,0
439,0.7008815666226398,0.5921458058408786,1
440,0.8413419854751764,0.48729889794157233,1
441,1.3676532399566967,0.23896502817838886,0
442,1.4720351523515183,-0.0787527840816806,0
443,1.53318452601584,0.39567090003993993,0
444,1.237174558034556,0.4229570629273239,1
445,1.108107412919637,0.49528517329680516,1
446,1.074002330639226,0.6605525148700527,1
447,1.3833329765557885,0.25797825875107233,0
448,1.6256528801075203,0.16488287863254433,0
449,1.3782203167918539,0.36820594236812204,0
450,1.0775360982664484,0.20302763362396092,1
451,1.1268706391954832,0.7188285396400259,1
452,1.0180265885625894,0.3007506413744077,1
453,1.3964569078697076,0.19750448327580394,0
454,1.6467728571860645,0.2681793328577849,0
455,1.5482042350493992,0.05332307382632576,0
456,1.1972652358333833,1.0701315763116772,1
457,1.262531029238625,0.14810593120501375,0
458,1.4181486379156405,0.5000982651556115,0
459,1.6272891096518096,0.9114443697464489,1
460,1.1781266202206677,0.6733202666408885,1
461,0.9858753633593105,0.3440395655243801,1
462,1.7311664746149173,0.057830049630813056,0
463,0.7310622941096194,0.38907035424486647,1
464,1.1438238192633237,0.28805737355346045,0
465,1.582909152561841,0.09733212768309141,0
466,0.9194041819863856,0.5603178508816387,1
467,1.7208385011408693,0.1984164614975021,0
468,1.8311413477192167,0.02879476548451349,0
469,1.3171221754808569,0.4311227511003864,1
470,1.59271877088409,0.26075349230718614,0
471,1.3997879684541197,0.07341600366182165,0
472,1.0352391160353,0.22466855889495566,1
473,0.7761754595679073,0.6883924320160255,1
474,1.352959709347592,0.09163357419499615,0
475,1.4531514529895897,0.03681431062781426,0
476,1.3335090392748477,0.4101509566201634,1
477,1.5050217100028727,0.23716069957401523,0
478,0.978096245850853,0.8005661616139227,1
479,1.5069453667238957,0.48028210660303783,0
480,1.2932636075653807,0.4840083973159909,1
481,1.5658349138644632,0.28680076421137424,0
482,1.2873504115365515,0.7370318170786014,1
483,1.1516438559458753,0.33463790069060967,1
484,2.078224128370453,-0.3037340715915408,0
485,1.5440796205197775,0.4738807149988028,0
486,1.649183808401329,0.0781975598478874,0
487,1.29464548068223,0.5705875542700564,1
488,1.4070842473522183,0.47886550549334955,1
489,1.0122798695529844,0.3988770350993484,1
490,1.4252526279884001,0.4675971989483161,0
491,1.5985851569208092,0.3334705115833139,0
492,1.3280778222560883,0.366913362961662,1
493,1.156047088609779,0.6819623508918998,1
494,1.3689741871114933,0.5514729107222621,0
495,1.112771861640154,0.266351753839529,1
496,1.4619846067281987,0.16068976161757018,0
497,1.1543558983136475,0.26919075342400206,1
498,1.6917783199232714,0.1953877736992166,0
499,1.1344573167885397,0.6914942745199084,1
500,1.3474289874911656,0.3282883362916399,0
501,1.2896546512010034,0.6201777025409655,1
502,1.3255989694682973,0.25223709079112344,0
503,1.308371780390204,0.03603033813184448,0
504,1.6879880178561253,-0.05430565230984298,0
505,1.5084408112852308,0.6405619294389778,1
506,1.2778723834415249,0.619125978078165,1
507,1.1991463470570307,0.46098430064194035,1
508,1.6926351410437297,0.4362428637922382,0
509,1.128386011639305,0.5431512896531177,1
510,1.1819393126750977,0.04596329546171827,0
511,1.5740957709621475,-0.13636343328001319,0
512,1.1369977985386555,-0.050312773845187196,0
513,1.3144076930605912,0.032207028966087715,0
514,1.378546205223457,0.27910909949815477,1
515,1.8055020939968929,0.0010878814456989079,0
516,1.4732955212174048,0.3065637349708212,0
517,1.0206344915196168,0.5419053330430166,1
518,2.1793655269901184,-0.1857123743386962,0
519,1.2440737177591135,0.4789073928226127,1
520,1.1044945211778912,0.4538292203721995,1
521,1.1569408066369062,0.8019350776271045,1
522,1.2682209455170543,0.21519521351668133,0
523,1.299344861540856,0.7232647663904858,1
524,1.0017654168390315,0.40331752522286096,1
525,1.4207114537233805,0.16953325077220632,0
526,1.1653808699284331,0.4778556852762792,1
527,1.1807423510157975,-0.07908282067288133,0
528,0.9191820214895989,0.6199659742067662,1
529,0.9487174444656004,-0.09372321171758381,0
530,1.5593453715795256,0.7468605249196887,0
531,1.1534030034180163,0.4640337042286715,1
532,1.3881485599764052,0.2680743996049886,0
533,1.8145947078908677,-0.20464980746372646,0
534,0.9423942231033422,0.19926341577230253,1
535,1.677894094983399,0.5860041607925269,1
536,1.2187280752301606,-0.03852866301545149,0
537,1.6127285375895302,0.9700778889349843,1
538,1.380077106820887,0.6709114872931982,1
539,0.7362804331240717,0.40391108325552066,1
540,1.0838232952915288,0.39125018167482967,1
541,1.0522916601755625,0.2540868418603274,1
542,1.6015503767257713,0.35277401330604313,0
543,1.3369478934458345,-0.02009854483598113,0
544,0.7746818888090466,0.4762568593041817,1
545,1.5466239379657758,0.04783970296920714,0
546,0.9605149968826072,0.8509636931582956,1
547,1.025499937292672,0.3944524331382939,1
548,1.3065321890814199,0.7872216989042852,1
549,1.2193314491820613,0.5520566899881072,1
550,1.2016986220093882,0.6555122043945513,1
551,1.3724124872764967,0.4258343222178781,1
552,1.556746361290954,0.7538196086330559,1
553,1.2801611753702051,0.48072565728041944,1
554,1.098564546629055,0.3981082489469395,1
555,1.7561038391304644,0.08631112385940047,0
556,1.850322408170237,0.3287900871074359,0
557,0.8080387381722824,0.4658146493269004,1
558,0.6990514249585501,0.3312626746514575,1
559,1.4564978861423805,0.45513156651811526,1
560,1.0231375297932206,0.634474693055116,1
561,1.5489041923324338,0.16075454750401694,0
562,0.7228454137246343,0.40179570278141513,1
563,0.8178773122136397,0.29323749852030756,1
564,1.3781564608648469,0.6085014901882755,1
565,1.2908782518348323,0.5072778934777026,1
566,1.3970321801074566,0.5946621999612453,1
567,1.3022691162161846,0.21222520314113902,0
568,1.6572585834474167,0.34085754958789166,0
569,1.081373960058779,0.30317203852116875,1
570,1.2403404087571117,0.1689607288186086,0
571,1.3973801543830593,0.1902674612636125,0
572,1.0863191888334378,0.21084208601628823,1
573,1.1954955544258226,0.4657300341541326,1
574,1.068351306981468,0.4206681055789891,1
575,0.550150402862559,0.37146630928343616,1
576,1.1649898353967392,0.5946916937882893,1
577,0.9199962911372346,0.49350259118185985,1
578,1.4235000093030432,1.0343090931095245,1
579,1.2250503663357848,0.017739335301404896,0
580,1.4860191043844575,0.3938650354882527,0
581,1.2696898479642262,0.7104832561915233,1
582,1.4852242540784748,0.1629598622333602,0
583,1.3359180879224568,0.6739965690015466,1
584,0.9015692567503373,0.0802658097668014,1
585,1.7737980771596915,-0.014596551664721793,0
586,1.2698437264253661,0.20164721421961615,1
587,0.9732422070929083,0.19643427536857433,1
588,1.846110594531308,1.0804235247404963,1
589,1.3443701763092277,0.31096855361196046,0
590,0.9396078144786268,0.5914759011089619,1
591,1.3878879330282863,0.25311745345123277,1
592,1.418503677030897,0.20292624630390968,0
593,1.5382547776351398,0.8326918089985064,1
594,0.7891815213016485,0.6497006475230684,1
595,1.3136722712726447,0.784436770996567,1
596,0.8968175956019577,0.46450965893247403,1
597,0.9720064625970737,0.8594401073489571,1
598,1.3188402501859835,0.3619377796440571,0
599,1.3722550672397509,0.6567595622719756,1
600,1.342098737311893,0.4036532802096797,1
601,1.4431792936085917,0.6803120586558139,1
602,2.070270183153033,-0.0010706926695797907,0
603,1.5890513290961743,0.8775618625562109,1
604,1.4874861783821092,0.5248032685817972,0
605,0.9096296172050112,0.23796433434809264,1
606,0.7978154524533442,0.547676251046279,1
607,0.7715575049671011,0.37095118401042226,1
608,1.2238247319157778,0.6495839253474771,1
609,1.726639941199072,0.25733164373597983,0
610,0.9920825408554501,0.6653798616224222,1
611,0.9499384960532928,0.6266303724974683,1
612,1.3039951791263582,0.7259591485608727,1
613,1.6321452252226643,0.32278231098756704,0
614,1.231915142279029,0.5208481945861392,1
615,1.3008938189394414,0.5233491924671443,1
616,0.9143008545371241,0.7132391340197332,1
617,1.2845447953444318,0.7088635855023916,1
618,0.905615898503317,0.33231520093501615,1
619,1.1955717817201144,0.5780402359464203,1
620,1.355356900832484,0.806953900935443,1
621,1.0044203482701701,0.6129230794920824,1
622,1.1141111452201167,0.34238845786149924,1
623,1.5645383248835545,0.3567361502244504,0
624,1.5798799375976653,0.4942665970667601,0
625,0.9731864066805263,0.42038833705482503,1
626,1.2384326206506406,0.874057893335474,1
627,0.9360493151923764,0.3116324725417315,1
628,0.718002732624146,0.37238412250334835,1
629,1.0972797514151977,0.7130613909847205,1
630,1.0762031155304603,0.21896906759775903,0
631,0.5813777310064696,0.6572755026442393,1
632,1.0021334400272017,0.5442600525348986,1
633,0.6600446714686051,0.45185048273924694,1
634,0.8364285840947249,0.6257060546260287,1
635,1.0066716631190091,0.7533640336007987,1
636,0.9633907435158027,0.3924836908007242,1
637,1.1184779806873502,0.7156220654464815,1
638,1.3709867191774123,0.16878521824766338,0
639,1.119728725871579,0.6537137482182483,1
640,0.985996678658878,0.5569532895015107,1
641,0.9081473658533457,0.4615989002586837,1
642,0.95078793249471,0.7533860049530695,1
643,0.7202662686676906,0.7830424697601991,1
644,1.257183729654123,0.6874200837144165,1
645,1.2964913377223282,0.6509584029235665,1
646,0.5165545961172863,0.4160226919331141,1
647,0.8746070980914299,0.8774355634902484,1
648,1.0622492811946858,0.5086900998519273,1
649,1.4170298302794164,0.5551304743572657,0
650,0.6773070182695407,0.44680434195498525,1
651,1.358882731409929,0.33395173440078646,0
652,1.0637452929490163,0.6983028396080361,1
653,0.6446476108382377,0.5601903717686756,1
654,1.0150183788286988,0.7799470233687954,1
655,1.2493969216276757,0.6456765138100636,1
656,0.42882889133060414,0.6347318923077674,1
657,0.6900246492899641,0.2594189466891039,1
658,1.0711375689548341,0.6583465924140158,1
659,1.3174850979649124,0.6635574513519539,1
660,0.8746731600630706,0.5432799247462601,1
661,0.6359368656021247,0.45231863318232124,1
662,1.261901016693753,0.20974001094076034,0
663,1.133009488370718,0.5257345464574171,1
664,1.0433363835851401,0.46817964860834216,1
665,1.1635338575091854,0.634581685237935,1
666,1.0541198949823962,0.5576218660270754,1
667,1.2421444085647821,0.691466225007058,1
668,1.2553780278033642,0.6875804988925018,1
669,1.4358318777745833,0.5090618860868541,1
670,1.1985388147478213,0.8631463753890564,1
671,1.4342773552989878,0.9582541612923334,1
672,1.313087139701206,0.8800817749105607,1
673,0.9821215673940711,0.8112796166515591,1
674,0.8071614309348784,0.0945515815696073,1
675,1.2712294189315365,0.5943724386857555,1
676,1.2983492620682133,0.5747066284565222,1
677,1.0271033768544702,0.2893472532180851,1
678,1.22470211911834,0.9051316574525076,1
679,0.7514435575693947,0.7485035262174191,1
680,1.1806580931479478,0.6445507213689428,1
681,1.309625013768707,0.5865626738326123,1
682,0.5246594432470475,0.44972214047819814,1
683,0.8987239273659045,0.5915255891429531,1
684,1.0630790268573282,0.6728639924586711,1
685,0.750764144430158,0.6135721495803415,1
686,1.0176104663722925,0.34427831638848844,1
687,0.8645831034735296,0.6410017275905542,1
688,1.297396338761207,0.9330587331722987,1
689,1.0894150559351456,0.6891277700842507,1
690,1.0976012774436468,0.7610360795256352,1
691,0.8580903616518597,0.7114778997869633,1
692,0.495649743865761,0.5304392882865079,1
693,0.9540670579599189,0.5619630742364059,1
694,0.4938168581408121,0.38695061537893183,1
695,0.8938263385193855,0.4455939828733012,1
696,1.5761052000275326,1.04383659993442,1
697,0.9863992911643339,0.6851658783671079,1
698,1.4662439630932143,0.8526695559197655,1
699,1.256226058077741,0.6043846713305182,1
700,1.2405036965649336,0.9031005721491511,1
701,1.2501783997806366,0.5263326638935133,1
702,1.291100727832222,0.6682922056507393,1
703,1.502380938622123,1.2187746922094014,1
704,0.6361610393350865,0.3329683918850454,1
705,1.1430734019687063,0.27772155018355565,1
706,0.9229041010666216,0.6233413844775665,1
707,0.9982248593236187,0.5902266517427901,1
708,1.4120120233929019,0.16989292337018785,0
709,1.2637179262954186,0.5464025009710702,1
710,1.2538562908756057,1.0620406419564665,1
711,1.515422288480851,0.6059601319565914,1
712,0.9397315851067642,0.4837336378039787,1
713,1.5553099650962778,0.8647807465424688,1
714,1.2926268944424697,0.7172134924700196,1
715,1.6668900399291504,0.763251001701627,1
716,1.4928186922940787,0.3374277250902814,0
717,1.2795695289313243,1.0276942953768242,1
718,1.0817966313377179,0.5179657947815395,1
719,1.400816067473938,0.8043057339063349,1
720,1.07318981109486,0.7181438369718591,1
721,1.0436538573256338,0.31207760559413406,1
722,0.9264829107217781,0.49202626577787434,1
723,1.2857264439128038,0.942263208343794,1
724,1.1763775340707785,0.7900888109827251,1
725,1.1698654926600913,0.6123132852060189,1
726,1.0630157180919837,0.6252533659643028,1
727,1.3021413205990078,0.6174587291543501,1
728,0.9595394370209308,0.5431913996791335,1
729,1.3421039793067429,0.7547722066128097,1
730,1.2730733515471444,0.5404243393863046,1
731,1.7515435581589214,0.7458844439186039,1
732,0.6452963181717285,0.3629811688888452,1
733,1.1713595472483298,0.4180636903055654,1
734,0.901562715704933,0.4685309935349933,1
735,1.346408049820041,0.7908217159021462,1
736,1.0179744684865752,0.37353263102422074,1
737,1.433378394783017,0.7465481211491936,1
738,0.609957791242674,0.6938111378318876,1
739,1.2079760445284942,0.675375381506854,1
740,1.7227892913915666,0.5578847771865302,0
741,1.1184835474794816,0.522078112124556,1
742,0.6057749541320797,0.32970300838177663,1
743,1.0525696224970666,0.4218686746164128,1
744,1.2885605307719927,0.7631056632153608,1
745,1.3983194017820095,0.47492895218554626,1
746,1.5529148644085573,0.22547352663758377,0
747,1.1433191898066908,0.4553794542075243,1
748,1.3122443913999187,0.597471238132196,1
749,1.2521106486720497,0.5878655783281181,1
750,0.7965343516835768,0.5494988949403269,1
751,1.0112124253024974,0.36956302933992086,1
752,0.9795706859440361,0.6223233642564399,1
753,0.7815078553155449,0.6633007219216412,1
754,0.9822511795455835,0.58138823931305,1
755,1.008479086786706,0.6154253290145593,1
756,1.1791098572410474,0.49728911135085324,1
757,0.889807160068083,-0.14764193104915674,0
758,1.202255338343689,0.5946621629650342,1
759,0.7764533482035226,0.3621649852308255,1
760,1.164258234510297,0.5426202070438721,1
761,1.1664288217770575,0.5346104730949021,1
762,1.1995450570234107,0.4618121658739715,1
763,0.7569387397845607,0.6910684433286824,1
764,1.9640153406695449,0.10736783781313954,0
765,0.9780394068533005,0.7058149050210767,1
766,0.8673153671009883,0.08347503173577497,1
767,0.5923284070880798,0.6790183144253799,1
768,0.5836756325056599,0.05376026644161607,1
769,1.2328446485052613,0.6984747432794669,1
770,1.3678526347607798,0.6625931308700292,1
771,1.547943717040457,0.23147443474733112,0
772,1.5552445097875682,0.6693193604586231,1
773,0.8818252159725185,0.597164021295021,1
774,1.4755119293925407,0.2688657827922454,0
775,0.47688993011620057,0.27749380997194445,1
776,1.459024203120303,0.7141968308918245,1
777,0.7941997620350417,0.5973809314136985,1
778,0.8155950335516208,0.5333874619063873,1
779,0.8586458976890997,0.7032026378800139,1
780,0.3764243973401821,0.6142767225810597,1
781,0.6203240691056928,0.4516399311323338,1
782,1.7027137285420906,0.8520893407748994,0
783,1.2614196215896045,0.5943697505970809,1
784,0.328908405302593,0.3731870895725382,1
785,0.8524900324387671,0.7099038212592339,1
786,1.1645594457216546,0.6971111306872921,1
787,1.1274059298935346,0.7051843633335542,1
788,1.0087811544234244,1.0620657937668787,1
789,0.7362082507041101,0.37171068880134656,1
790,1.031783467644581,0.4698807415991884,1
791,1.078855344953784,0.6634302144737924,1
792,1.4987311049739405,0.5938192345298999,1
793,1.231039955589956,0.45289295575155875,1
794,1.3625572993646098,0.3753100020290933,1
795,1.1062306438033047,0.6415261427142953,1
796,1.4067008400458059,0.5317653081310812,1
797,0.8742832411967936,0.5955915548980345,1
798,0.9611257371899155,0.5004477918963414,1
799,1.6690387463093188,0.016334924411995765,0
800,0.6811764426812392,0.23735309413911998,1
801,1.3494555721727095,0.500649746340412,1
802,1.158232190443618,0.324530468942376,1
803,1.72953816303183,0.844854650537942,0
804,1.0891020947083705,0.6304663211901448,1
805,1.1948714909323785,0.440622727355273,1
806,1.2046222705619736,0.5832930847078261,1
807,1.0487867455654718,0.6766638474933772,1
808,1.418437368383009,0.31907941778852883,1
809,1.28476837733125,0.3220641224842407,1
810,1.0152331796514549,0.6274176447760849,1
811,0.7492668680946645,0.6999810954613891,1
812,1.077562048734858,0.6331437943003259,1
813,1.425138881564475,0.3513911194832741,0
814,0.9926426804016721,0.15718832936512228,1
815,1.1669899952190121,0.71790764711107,1
816,1.3414827322992433,-0.029005337342877104,0
817,1.245247010263456,0.5128331297698073,1
818,0.6724012035147706,0.4819474294282587,1
819,0.8133048133370839,0.380717634479213,1
820,0.9122100728136059,0.4495213702071608,1
821,1.1407059810577884,0.785949450310628,1
822,0.8019630177560192,0.7795686878616167,1
823,0.9004740241594358,0.6990588431926184,1
824,0.9057781114549758,0.32838497178999093,1
825,1.0150892208252664,0.4818863698096215,1
826,0.7274495157327485,0.6920411012242024,1
827,0.8872548078725929,0.6618913455218248,1
828,0.9836711657396771,0.7963831183849048,1
829,1.0764283016949554,0.3935458057736681,1
830,1.143696734097989,0.7845564714115552,1
831,1.0396145341160756,0.6351342596827569,1
832,1.159306625290319,0.7847402968996373,1
833,0.8093312709590041,0.29800692400839984,1
834,1.2856031643152448,0.4639653400417497,1
835,1.1614816383954978,0.341841562151447,1
836,1.4150534064942653,0.5007781684667675,0
837,0.9329315483674876,0.7035892260688507,1
838,1.0141289222603942,0.7375867638512946,1
839,0.953834795526635,0.6514001069997647,1
840,1.19315079117371,0.6087872600979486,1
841,1.5769772753973545,0.21656867413077022,0
842,0.5424685932583398,0.67612970461136,1
843,1.230273598475574,0.6252865752097706,1
844,1.5576309616132316,-0.2854313392392343,0
845,1.470842074369449,0.7211558769572769,1
846,1.3913250594099575,0.6613108077439579,1
847,0.8668822171297879,0.46960663321432133,1
848,0.9989577822217244,0.7964747585484194,1
849,1.5603839600061629,0.9121108706574734,1
850,1.031029447327829,0.5980103238371699,1
851,1.235117606936241,0.615620740764853,1
852,0.9548329564705309,0.30183537050670733,1
853,1.1847103049435124,0.7710073236686474,1
854,1.152519786262963,0.5354862956675193,1
855,0.7952687831698173,0.627395005929146,1
856,1.296333042684604,0.38538874512047744,1
857,1.3354425549781863,0.4947059574104006,1
858,0.8805716396914113,0.2171615959509556,1
859,0.8344679787859473,0.6312509783054794,1
860,1.662031982769108,0.6542709918762846,0
861,0.8285237396590247,0.2952747416679736,1
862,0.3865778324354114,0.1674960292990859,1
863,1.0176306166225986,0.5164465976199455,1
864,1.7878908679145469,0.4008867016272653,0
865,0.9722862622496251,0.5084667305829547,1
866,0.9620566560966219,0.8368432818366612,1
867,0.7652422355140812,0.3397293614834907,1
868,0.970179289962311,0.45501228928283277,1
869,1.0245836831238708,0.5989381958259814,1
870,1.3632194805680975,0.7030527474894547,1
871,1.4538355083014198,0.7106085278829827,1
872,0.8199487676622222,0.29138900223856956,1
873,1.0651489671241299,0.4138990388687344,1
874,0.7866516942910861,0.4087514060495819,1
875,1.192604712293813,0.5544255762911552,1
876,1.2755662837035957,0.6075509000254004,1
877,0.9185409913245933,0.7045022111563096,1
878,1.2412821236755556,0.7164859437613817,1
879,1.0065143019988108,0.3164069087276757,1
880,0.9049751050104006,0.44339677570376845,1
881,1.3196313501155688,0.3748615317484919,1
882,0.538821990418646,0.4208315093741408,1
883,1.0935657150162046,0.6489230875791765,1
884,1.0885824179968462,0.4000873077410684,1
885,0.9372012323712869,0.005525546222304801,1
886,1.2946410507282318,0.5972532814294467,1
887,0.8188531486979488,0.44042932689299263,1
888,1.2571800513768934,0.9960452943971688,1
889,1.719789437256934,0.42718025488565053,0
890,0.5845439607910088,0.4720215764113156,1
891,1.050095216152689,0.3237824597053529,1
892,0.2536964495322442,0.08444109501870187,1
893,0.6118111059999451,0.4986545899825055,1
894,1.1245090657701726,0.19504742921617027,0
895,1.1507131631110972,0.0938756793729254,0
896,1.0254580658129169,0.47572409294304474,1
897,1.2286566222872293,0.7659902798512385,1
898,1.4616043984277614,-0.13217538731729955,0
899,1.2669238285021447,0.507258946698589,1
900,1.5559417439436551,0.14532096878823458,0
901,0.9850268541714626,0.7463069095127692,1
902,1.4431992296776048,0.9429132112881425,1
903,1.292920946344618,0.6245339266590157,1
904,1.2607510587665818,0.8930928065150961,1
905,0.6925471354762358,0.5347252381171753,1
906,1.3427421236331765,0.2844931612096642,0
907,0.9311631322633794,0.1756892510381945,1
908,0.8345750794301067,0.3395172826942223,1
909,1.1746577868203527,0.7433660592936099,1
910,1.103680884155429,0.7448368888283157,1
911,1.1322772107718564,0.7209496790214909,1
912,1.2547621962694633,0.7630831026770449,1
913,0.9089630332067162,0.5224040173426615,1
914,1.2427066312715842,0.6524244251285962,1
915,1.1012513744101446,0.6262435784192273,1
916,1.1160279268146585,0.5280654588531134,1
917,0.8177507636908276,0.43535204637895597,1
918,1.7008298675490898,0.6218425369282488,1
919,1.4575849275111123,-0.07032112101845439,0
920,1.5148468399734287,0.2670728419752582,0
921,0.8935238782087846,0.7292053843240853,1
922,0.7488618384943788,0.8822606832868813,1
923,1.2965009993169732,0.49173493166606796,1
924,1.0723943857724547,0.953287232991661,1
925,1.3676995963692447,0.30522434750344113,0
926,0.884678154619569,0.8463221615887777,1
927,1.3479786275398644,0.6937841110803685,1
928,1.1464169747239514,0.4502194275917541,1
929,1.4989349483369625,0.5944601621330302,1
930,0.6965695709498453,0.18142533408837017,1
931,0.9356087650279092,0.7399111054612446,1
932,1.5327809626227926,0.3451949312351424,0
933,1.2552522227027956,0.4117554154230858,1
934,1.0017424256656389,0.7440838204084478,1
935,0.9942252886689651,0.7717534842536276,1
936,1.5070674371859007,0.6593956707745379,1
937,1.0166948165382732,0.14851380540089257,0
938,0.9891007532543461,0.7667108526569489,1
939,1.1282123344049733,0.6992858625952316,1
940,0.9811137785839736,0.758727911827861,1
941,0.9568784056584403,0.43370343620595375,1
942,1.3818950925088807,0.9666199074413961,1
943,1.1115650481566393,0.4145452572073609,1
944,1.0417109697424964,0.39506733737700445,1
945,1.1374525486163556,0.5217207448965021,1
946,1.1092188507403868,0.5303104933747769,1
947,1.156683132217357,0.6054196380061084,1
948,0.87369378130429,0.5855068126315865,1
949,1.1961306312152669,0.4211381246673892,1
950,0.8417595796453738,0.6313625411974486,1
951,0.9619346974210056,0.7319027424485809,1
952,1.0131316010071856,0.8260972254600105,1
953,0.9104094476807284,0.4056701766790206,1
954,0.7775879337441779,0.44400100930345604,1
955,1.403096296647462,0.3250694430427138,0
956,0.9618392491306439,0.39540108614836805,1
957,1.3613865447524653,0.7191478572764904,1
958,0.9711195147274236,0.5970197565791948,1
959,1.6691670285760198,0.23078249809465165,0
960,0.9603946561456824,0.7798698388411363,1
961,0.6942538658711067,0.4437937072230298,1
962,1.6736204203957823,0.5725776105539381,0
963,1.5555061752534942,0.9085376529496255,1
964,1.203736567431263,0.8984233106881205,1
965,1.1313572617282648,0.7705180322319315,1
966,0.646857905415609,0.459168449327904,1
967,1.1586354146421254,0.47353501950217874,1
968,0.8108113197517554,0.29448958117972224,1
969,0.8405573812035029,0.6309542275241661,1
970,1.4690346174013365,0.773724582769681,1
971,1.10072491581354,0.6595480382334611,1
972,1.2173109944835527,0.4487448876096163,1
973,0.34080431422853746,0.4357632885725372,1
974,1.36313709066392,0.6831394227637763,1
975,1.2148070288700599,0.5335391436348312,1
976,1.4455827678709958,0.3674744089975339,0
977,1.1008807954956474,0.6083876559011533,1
978,1.112125159950299,0.7170485887094633,1
979,1.092462596314011,0.4867361268992274,1
980,0.5945611865876961,0.48216541406604224,1
981,2.3081987258860477,-0.7354618977949039,0
982,1.1617124899774003,0.6103859767411647,1
983,0.8069963655747348,0.4228441685000647,1
984,1.3253370354694596,0.386604686045168,0
985,0.7820351530075748,0.5774844670369452,1
986,0.9414426880279776,0.11680564823058909,1
987,0.862639531547936,0.42743959688158445,1
988,1.3217127260681667,-0.32355900028845175,0
989,1.0618908377047949,0.59266296085445,1
990,0.7866215454863086,0.7730602163118739,1
991,1.2221139866245327,0.11714137965562042,0
992,1.1814895191438477,0.2259899716213947,0
993,0.26920070618999126,0.3297995257604928,1
994,0.8641373257052484,0.4093957356329924,1
995,1.0713515182461002,0.5917221657168613,1
996,1.4768985131928585,0.3778202572537986,0
997,0.9614756974346096,0.8108395583428071,1
998,1.6383747729097364,-0.005279353010939205,0
999,0.9569121685597123,0.14936778724472105,1
1000,1.2841536553653212,-0.25198173865811074,0
1001,0.7878562522676994,0.42272790094600826,1
1002,0.9749253788690454,0.27206752322676286,1
1003,1.4534209143849057,-0.20316457212301414,0
1004,0.9709394202176223,0.5618813427814094,1
1005,1.0759453075048293,0.1978687052933967,1
1006,0.8858186848728692,0.5694915150618308,1
1007,1.1354061089188516,0.36725518187627254,1
1008,0.46482059315940083,0.4062080852194263,1
1009,0.7601840361572676,0.2676573779965405,1
1010,0.8736555516249411,0.7559716335347403,1
1011,1.374085999144509,0.6680821406452873,1
1012,1.702804184503522,0.2851578137248018,0
1013,0.8768459631798722,0.475396023918134,1
1014,1.0234356124125348,0.3953565156044435,1
1015,1.094334717317833,0.13933201458474387,0
1016,0.9318657153188503,0.4503662606843057,1
1017,1.4322356686739832,0.7819902708622124,1
1018,1.1277679359097312,0.153405321240865,0
1019,1.0075955990295091,0.18073072209526073,1
1020,0.8595717148860731,0.3164059090514186,1
1021,1.4438538922203363,0.2073845833214123,0
1022,0.7976312601479069,0.29451042481863654,1
1023,1.1669811901041318,0.4747465724061653,1
1024,0.900120621582373,0.13561603987843224,1
1025,0.9280667017100052,0.21916639532379661,1
1026,0.7592535660970509,0.22889460942749792,1
1027,0.6911504288230507,0.27307225249069517,1
1028,1.5389938652946373,0.4317828571950123,0
1029,1.4072577528579995,0.5149412859403623,1
1030,1.4023418503669098,0.42954310930841855,1
1031,1.233300389708268,0.36960712681370617,1
1032,1.0413842532658473,0.3208381698019628,1
1033,0.5550026943969769,0.1706044644129528,1
1034,1.087196646102428,0.5818036417170197,1
1035,1.7404399734869531,0.45274992078397597,0
1036,0.8469942616684598,0.05685437670878482,1
1037,1.321998183202808,0.29141589235729065,0
1038,1.3736523220063332,0.41717821898803037,1
1039,0.7886490775512073,0.2341931523650324,1
1040,0.9727652761406186,0.1729390950625043,1
1041,1.1112253864710293,0.4322117314408676,1
1042,1.2228751901485329,0.47782566724188297,1
1043,0.9708943022357491,0.6651458688070104,1
1044,1.3560730483021999,0.5063988606138248,1
1045,1.1605987329897869,-0.07676332457749263,0
1046,1.0331008276842333,0.6224873555736552,1
1047,0.9094401871119473,0.4255752337550015,1
1048,0.8754086881547954,0.09106550180581212,1
1049,0.924333659566619,0.1246860977346807,1
1050,0.809288701919653,0.903533339272663,1
1051,1.357126441513862,0.5934098538864844,1
1052,1.1417346190405788,0.4790806565165044,1
1053,1.4097807193493561,0.33862862092963913,0
1054,0.35622563293655973,0.1263312360517381,1
1055,1.0290887719327582,0.06602397322797947,0
1056,1.2506322475935427,0.5214142187781634,1
1057,1.234687436583711,0.4125043851869267,1
1058,0.9922063028271467,0.28107062449677483,1
1059,1.0942485611095627,0.4605828277510714,1
1060,1.02809082276322,0.4817362772477754,1
1061,1.1299607481793545,0.3306563247257659,1
1062,0.9471208518644219,0.6307136846733147,1
1063,1.0674885637608191,0.2297737973249177,1
1064,1.3438040066495036,-0.044033055947625695,0
1065,1.6876379691045806,-0.14378796315683492,0
1066,1.0665128638441583,0.4882590528430609,1
1067,1.1876112983928477,0.6416094306191606,1
1068,1.5187941909851914,0.7553086061121163,1
1069,0.628827035023666,0.10612360490071375,1
1070,0.6870293942469301,-0.14439834646050037,1
1071,0.8135420048911142,-0.04289960596011951,1
1072,0.9576656513433522,0.44374535027537576,1
1073,1.255104748203794,0.2537501211240941,0
1074,1.3117087589336007,0.14068774033559545,0
1075,1.569223873147268,0.47856227638907456,0
1076,1.1165516670331295,0.22533376036025204,1
1077,1.117591920235628,0.8079880421419512,1
1078,0.7405783850896971,0.4531353242472051,1
1079,0.7492150885972216,0.6276645510659661,1
1080,1.197404818812603,-0.31796436806401474,0
1081,1.41575905745467,0.5448330625858037,1
1082,1.1150916927811214,0.16313010926019242,1
1083,0.5028222721886092,0.42046606518742696,1
1084,1.1709573806330646,0.20562903679049874,1
1085,1.2840489279855616,0.5223844043065229,1
1086,1.3436807478897188,0.849700589415103,1
1087,1.5240379020096129,0.5749521574020899,0
1088,0.7286375204973631,0.14305025163290436,1
1089,0.9329504768794804,0.5611152174785974,1
1090,0.9892295036927503,0.1231636639981156,1
1091,0.830819280624856,0.5043315830835783,1
1092,1.38057477692379,0.37402041094492383,0
1093,1.24271312647173,0.11489955252026245,0
1094,1.7070983212291173,-0.06467065373797971,0
1095,1.2042665932133139,0.3814501218004631,1
1096,1.0439283729421418,0.4604308313641415,1
1097,1.4897576644373054,0.6477687007186768,1
1098,1.3425702107903106,0.4567011117138948,1
1099,0.9012997223192222,0.3383934350541505,1
1100,1.0449426406157232,0.10197854264527635,1
1101,1.225533812338319,0.2137772002760797,1
1102,1.2229241495587946,0.48045054669530723,1
1103,1.2174866620515277,0.09221256103235448,0
1104,0.8868865999121133,0.04172437966354891,1
1105,1.6450054070639037,-0.15038326307253233,0
1106,1.687642080043435,0.3451391927985798,0
1107,1.4861623819011924,0.5261282802825938,1
1108,0.9288057476380386,0.39299933159946054,1
1109,1.392475477656211,0.39763214256385326,0
1110,1.0550477907699425,0.5533845549959434,1
1111,0.6472917323062843,0.3119896677696109,1
1112,1.0433151711876538,0.6863617524453604,1
1113,1.5068366610642703,0.2911965944616641,0
1114,0.8200555883558389,0.5902013904042498,1
